timestamp,near_month_expiry,near_month_open,near_month_high,near_month_low,near_month_close,near_month_volume,mid_month_expiry,mid_month_open,mid_month_high,mid_month_low,mid_month_close,mid_month_volume
2025-09-01 09:15:00,2025-08-28,23811.42,23812.8,23811.3,23812.62,7461,2025-09-25,23913.3,23913.31,23912.97,23913.08,3004
2025-09-01 09:16:00,2025-08-28,23808.73,23809.7,23806.53,23807.62,17812,2025-09-25,23908.64,23910.31,23907.87,23908.3,4527
2025-09-01 09:17:00,2025-08-28,23837.43,23838.49,23835.87,23836.77,10979,2025-09-25,23940.48,23941.13,23938.49,23939.26,3547
2025-09-01 09:18:00,2025-08-28,23794.19,23795.52,23793.62,23795.5,18584,2025-09-25,23893.81,23897.6,23893.59,23896.86,1781
2025-09-01 09:19:00,2025-08-28,23791.59,23793.48,23791.4,23793.37,9881,2025-09-25,23896.71,23898.89,23896.02,23898.01,7311
2025-09-01 09:20:00,2025-08-28,23819.24,23819.33,23818.69,23818.84,15677,2025-09-25,23918.61,23921.63,23917.87,23921.26,8849
2025-09-01 09:21:00,2025-08-28,23822.95,23823.65,23819.64,23820.59,9189,2025-09-25,23920.35,23921.86,23919.81,23921.82,8302
2025-09-01 09:22:00,2025-08-28,23831.65,23832.95,23831.09,23832.68,22238,2025-09-25,23933.06,23934.51,23933.0,23934.25,5574
2025-09-01 09:23:00,2025-08-28,23834.12,23834.94,23832.52,23834.48,10163,2025-09-25,23933.55,23935.07,23932.46,23934.91,7327
2025-09-01 09:24:00,2025-08-28,23826.57,23827.54,23825.2,23826.13,17892,2025-09-25,23925.15,23925.19,23924.63,23924.97,2488
2025-09-01 09:25:00,2025-08-28,23795.46,23796.61,23792.82,23793.12,17562,2025-09-25,23890.51,23891.82,23890.1,23891.37,3120
2025-09-01 09:26:00,2025-08-28,23794.11,23794.43,23793.14,23794.28,17651,2025-09-25,23898.73,23900.02,23897.57,23899.34,11283
2025-09-01 09:27:00,2025-08-28,23782.93,23783.08,23781.6,23782.42,16889,2025-09-25,23885.62,23885.91,23881.76,23883.69,9495
2025-09-01 09:28:00,2025-08-28,23772.48,23772.68,23771.12,23771.45,11432,2025-09-25,23870.15,23871.03,23868.13,23868.53,11188
2025-09-01 09:29:00,2025-08-28,23766.08,23766.33,23763.39,23763.97,23506,2025-09-25,23865.26,23868.05,23864.97,23867.25,11125
2025-09-01 09:30:00,2025-08-28,23788.52,23789.07,23788.0,23788.94,21798,2025-09-25,23893.12,23893.94,23892.23,23893.36,8318
2025-09-01 09:31:00,2025-08-28,23825.47,23825.79,23824.43,23824.74,16600,2025-09-25,23926.73,23929.86,23926.62,23929.52,11246
2025-09-01 09:32:00,2025-08-28,23827.94,23828.33,23827.49,23828.06,24356,2025-09-25,23931.67,23934.02,23931.37,23933.26,5875
2025-09-01 09:33:00,2025-08-28,23822.18,23822.93,23820.7,23821.21,6055,2025-09-25,23920.54,23922.12,23920.42,23920.74,1537
2025-09-01 09:34:00,2025-08-28,23810.38,23810.52,23805.23,23806.52,9603,2025-09-25,23907.4,23907.74,23906.67,23906.8,2156
2025-09-01 09:35:00,2025-08-28,23810.72,23812.05,23810.5,23810.8,9076,2025-09-25,23911.91,23912.37,23911.59,23912.23,2649
2025-09-01 09:36:00,2025-08-28,23838.3,23838.79,23838.11,23838.64,27545,2025-09-25,23936.32,23939.84,23935.37,23939.79,2501
2025-09-01 09:37:00,2025-08-28,23837.73,23838.09,23835.32,23836.01,19045,2025-09-25,23939.92,23941.39,23937.12,23937.86,5192
2025-09-01 09:38:00,2025-08-28,23799.39,23799.63,23798.12,23798.48,8181,2025-09-25,23902.99,23905.02,23901.93,23901.96,8863
2025-09-01 09:39:00,2025-08-28,23808.83,23808.84,23808.31,23808.54,27293,2025-09-25,23908.87,23910.28,23908.03,23908.51,9801
2025-09-01 09:40:00,2025-08-28,23823.72,23824.04,23822.49,23823.37,27405,2025-09-25,23922.49,23923.59,23922.15,23923.51,7697
2025-09-01 09:41:00,2025-08-28,23802.0,23803.27,23801.22,23802.54,20165,2025-09-25,23900.19,23904.14,23899.96,23902.64,3037
2025-09-01 09:42:00,2025-08-28,23801.43,23803.25,23801.41,23802.46,24457,2025-09-25,23900.69,23902.95,23898.84,23901.79,9352
2025-09-01 09:43:00,2025-08-28,23810.83,23811.11,23808.52,23809.26,10096,2025-09-25,23910.3,23911.07,23908.82,23909.55,5225
2025-09-01 09:44:00,2025-08-28,23808.08,23808.89,23807.9,23808.26,18661,2025-09-25,23910.42,23911.51,23910.29,23910.49,1636
2025-09-01 09:45:00,2025-08-28,23797.89,23798.76,23796.3,23796.55,23629,2025-09-25,23896.86,23898.49,23895.89,23898.47,4446
2025-09-01 09:46:00,2025-08-28,23812.29,23812.57,23811.6,23811.77,5799,2025-09-25,23913.17,23914.99,23912.48,23914.85,4971
2025-09-01 09:47:00,2025-08-28,23805.68,23806.14,23805.56,23805.84,24058,2025-09-25,23907.15,23909.44,23905.71,23908.26,4379
2025-09-01 09:48:00,2025-08-28,23785.32,23785.54,23783.81,23784.98,16940,2025-09-25,23882.5,23882.64,23881.8,23882.4,10024
2025-09-01 09:49:00,2025-08-28,23753.8,23754.47,23752.63,23753.82,4809,2025-09-25,23856.96,23857.14,23853.63,23854.33,9479
2025-09-01 09:50:00,2025-08-28,23773.14,23774.97,23770.74,23772.22,10928,2025-09-25,23869.81,23871.32,23869.35,23870.86,8803
2025-09-01 09:51:00,2025-08-28,23785.35,23786.14,23782.97,23783.99,8514,2025-09-25,23879.04,23880.84,23878.3,23880.1,2959
2025-09-01 09:52:00,2025-08-28,23781.94,23783.98,23781.11,23783.42,22919,2025-09-25,23886.21,23886.54,23885.08,23886.01,9982
2025-09-01 09:53:00,2025-08-28,23775.03,23776.86,23774.56,23776.4,27551,2025-09-25,23877.5,23877.94,23877.0,23877.49,8610
2025-09-01 09:54:00,2025-08-28,23769.57,23769.83,23767.9,23768.6,15181,2025-09-25,23871.87,23872.47,23871.27,23872.18,3545
2025-09-01 09:55:00,2025-08-28,23754.62,23755.05,23751.86,23752.69,11085,2025-09-25,23851.81,23852.84,23851.29,23851.59,8304
2025-09-01 09:56:00,2025-08-28,23750.98,23751.69,23748.96,23749.24,12306,2025-09-25,23846.14,23847.4,23845.46,23846.38,6576
2025-09-01 09:57:00,2025-08-28,23716.76,23717.17,23714.81,23714.94,8033,2025-09-25,23811.92,23812.59,23809.4,23811.54,6113
2025-09-01 09:58:00,2025-08-28,23707.83,23709.44,23706.84,23708.54,9711,2025-09-25,23802.41,23807.09,23801.81,23805.89,2677
2025-09-01 09:59:00,2025-08-28,23700.11,23700.38,23698.67,23699.57,7166,2025-09-25,23805.81,23806.77,23804.22,23804.63,6942
2025-09-01 10:00:00,2025-08-28,23709.45,23710.14,23709.05,23709.66,12794,2025-09-25,23806.26,23807.39,23805.1,23806.58,2549
2025-09-01 10:01:00,2025-08-28,23707.52,23708.32,23707.4,23708.18,16343,2025-09-25,23812.54,23813.08,23811.93,23812.24,3224
2025-09-01 10:02:00,2025-08-28,23719.72,23721.58,23719.05,23721.24,4370,2025-09-25,23823.09,23823.32,23822.45,23822.6,2891
2025-09-01 10:03:00,2025-08-28,23742.12,23742.43,23740.49,23740.55,14764,2025-09-25,23844.89,23845.5,23843.89,23844.28,11518
2025-09-01 10:04:00,2025-08-28,23755.33,23756.8,23754.84,23755.99,9800,2025-09-25,23865.52,23866.67,23861.37,23862.9,4491
2025-09-01 10:05:00,2025-08-28,23763.57,23763.65,23762.61,23763.27,9823,2025-09-25,23867.09,23868.98,23866.01,23866.41,5229
2025-09-01 10:06:00,2025-08-28,23761.24,23764.84,23760.59,23763.97,21215,2025-09-25,23861.61,23863.76,23861.2,23863.27,4881
2025-09-01 10:07:00,2025-08-28,23747.96,23749.0,23747.62,23748.82,19781,2025-09-25,23852.34,23853.02,23850.54,23850.55,10931
2025-09-01 10:08:00,2025-08-28,23759.84,23760.73,23759.39,23759.93,26708,2025-09-25,23858.37,23860.19,23857.34,23857.79,7411
2025-09-01 10:09:00,2025-08-28,23786.68,23786.69,23784.88,23784.97,21117,2025-09-25,23886.75,23887.68,23883.45,23884.51,11151
2025-09-01 10:10:00,2025-08-28,23791.76,23792.34,23789.03,23790.14,22880,2025-09-25,23894.02,23894.23,23893.79,23893.93,4649
2025-09-01 10:11:00,2025-08-28,23817.87,23818.89,23817.67,23818.79,7168,2025-09-25,23919.53,23920.72,23918.66,23918.73,2705
2025-09-01 10:12:00,2025-08-28,23797.7,23798.48,23797.2,23797.68,25169,2025-09-25,23891.7,23895.29,23890.24,23895.04,7340
2025-09-01 10:13:00,2025-08-28,23778.39,23780.12,23777.75,23779.68,11112,2025-09-25,23881.3,23882.52,23880.61,23881.99,5128
2025-09-01 10:14:00,2025-08-28,23792.84,23793.63,23791.66,23792.44,10760,2025-09-25,23888.02,23892.36,23887.93,23891.46,9920
2025-09-01 10:15:00,2025-08-28,23794.83,23797.17,23793.94,23796.16,18697,2025-09-25,23899.42,23899.51,23896.37,23897.38,10733
2025-09-01 10:16:00,2025-08-28,23819.22,23819.96,23816.22,23817.35,11242,2025-09-25,23916.21,23916.27,23913.54,23914.35,6462
2025-09-01 10:17:00,2025-08-28,23814.51,23815.55,23814.06,23815.36,6921,2025-09-25,23916.0,23916.2,23915.29,23915.73,11699
2025-09-01 10:18:00,2025-08-28,23803.58,23804.65,23803.51,23803.94,16284,2025-09-25,23899.98,23900.35,23899.56,23900.23,7306
2025-09-01 10:19:00,2025-08-28,23801.93,23802.26,23798.92,23799.52,13928,2025-09-25,23900.41,23900.61,23897.89,23898.92,4344
2025-09-01 10:20:00,2025-08-28,23777.51,23778.42,23776.39,23776.75,26761,2025-09-25,23881.13,23881.54,23877.73,23878.29,6634
2025-09-01 10:21:00,2025-08-28,23761.16,23761.65,23760.77,23761.44,20194,2025-09-25,23867.12,23868.23,23864.15,23864.75,1891
2025-09-01 10:22:00,2025-08-28,23777.68,23777.76,23775.22,23775.88,10622,2025-09-25,23876.39,23878.46,23874.2,23875.14,9942
2025-09-01 10:23:00,2025-08-28,23788.08,23788.15,23786.84,23787.57,6108,2025-09-25,23896.29,23898.38,23895.42,23895.95,2565
2025-09-01 10:24:00,2025-08-28,23793.94,23794.91,23792.6,23793.06,23436,2025-09-25,23896.07,23898.09,23893.41,23893.87,4741
2025-09-01 10:25:00,2025-08-28,23767.67,23767.86,23767.37,23767.52,10573,2025-09-25,23870.3,23873.3,23869.49,23872.78,7435
2025-09-01 10:26:00,2025-08-28,23763.03,23763.08,23761.96,23762.27,8678,2025-09-25,23857.67,23861.24,23856.8,23861.17,1951
2025-09-01 10:27:00,2025-08-28,23743.74,23744.27,23742.45,23744.14,4106,2025-09-25,23845.15,23845.79,23842.75,23843.87,2332
2025-09-01 10:28:00,2025-08-28,23765.21,23766.45,23764.17,23764.39,7804,2025-09-25,23857.93,23860.41,23856.95,23859.69,8809
2025-09-01 10:29:00,2025-08-28,23752.44,23754.92,23752.05,23753.97,11150,2025-09-25,23856.13,23856.75,23855.8,23856.54,2253
2025-09-01 10:30:00,2025-08-28,23738.39,23738.53,23736.45,23737.05,4346,2025-09-25,23841.51,23842.59,23840.99,23841.29,6509
2025-09-01 10:31:00,2025-08-28,23738.69,23739.4,23737.01,23737.58,24163,2025-09-25,23842.02,23842.88,23841.06,23841.69,5056
2025-09-01 10:32:00,2025-08-28,23727.61,23730.5,23727.34,23730.01,5532,2025-09-25,23830.84,23831.14,23829.4,23829.53,3894
2025-09-01 10:33:00,2025-08-28,23751.83,23752.94,23749.45,23750.27,15984,2025-09-25,23844.39,23847.12,23843.87,23845.87,3482
2025-09-01 10:34:00,2025-08-28,23738.89,23739.72,23738.77,23739.43,27483,2025-09-25,23833.91,23839.22,23833.08,23838.18,9515
2025-09-01 10:35:00,2025-08-28,23717.66,23718.81,23717.63,23718.73,12269,2025-09-25,23821.52,23822.04,23819.92,23820.99,11491
2025-09-01 10:36:00,2025-08-28,23690.63,23690.73,23689.13,23689.42,11800,2025-09-25,23789.53,23791.15,23788.64,23789.68,2971
2025-09-01 10:37:00,2025-08-28,23685.43,23686.54,23684.59,23686.49,26518,2025-09-25,23787.19,23789.17,23785.58,23786.59,11576
2025-09-01 10:38:00,2025-08-28,23678.45,23679.02,23678.31,23678.47,11503,2025-09-25,23777.86,23780.57,23777.73,23779.81,7745
2025-09-01 10:39:00,2025-08-28,23656.02,23657.69,23655.92,23657.16,8159,2025-09-25,23758.9,23759.97,23758.41,23758.62,8237
2025-09-01 10:40:00,2025-08-28,23673.65,23675.96,23673.12,23675.33,20562,2025-09-25,23781.17,23781.77,23777.36,23778.08,8954
2025-09-01 10:41:00,2025-08-28,23688.6,23688.67,23686.02,23686.33,17649,2025-09-25,23787.64,23789.03,23787.04,23787.29,8893
2025-09-01 10:42:00,2025-08-28,23682.77,23684.83,23682.36,23684.48,17321,2025-09-25,23785.93,23787.85,23785.36,23786.36,10108
2025-09-01 10:43:00,2025-08-28,23701.95,23704.9,23701.03,23704.79,8310,2025-09-25,23808.33,23808.63,23805.36,23805.64,6576
2025-09-01 10:44:00,2025-08-28,23716.55,23716.91,23716.07,23716.54,13993,2025-09-25,23814.13,23816.0,23814.08,23815.29,7100
2025-09-01 10:45:00,2025-08-28,23704.88,23705.71,23702.37,23702.57,7409,2025-09-25,23807.06,23808.27,23806.12,23807.88,4900
2025-09-01 10:46:00,2025-08-28,23687.38,23687.52,23686.71,23687.24,26899,2025-09-25,23788.62,23789.91,23788.54,23789.84,2605
2025-09-01 10:47:00,2025-08-28,23700.7,23700.77,23698.6,23699.45,19247,2025-09-25,23802.86,23804.51,23802.38,23803.6,8478
2025-09-01 10:48:00,2025-08-28,23705.49,23705.95,23704.66,23705.41,15388,2025-09-25,23813.44,23813.63,23810.96,23811.17,1852
2025-09-01 10:49:00,2025-08-28,23707.76,23708.34,23707.23,23708.01,4824,2025-09-25,23807.48,23811.52,23806.24,23811.23,4394
2025-09-01 10:50:00,2025-08-28,23698.88,23699.05,23697.83,23698.19,6460,2025-09-25,23794.38,23796.75,23794.3,23795.37,2489
2025-09-01 10:51:00,2025-08-28,23706.37,23706.75,23704.74,23705.06,7842,2025-09-25,23803.48,23805.49,23802.75,23804.26,3502
2025-09-01 10:52:00,2025-08-28,23695.05,23695.54,23692.75,23693.5,24123,2025-09-25,23798.39,23799.54,23796.36,23797.24,8206
2025-09-01 10:53:00,2025-08-28,23691.91,23692.54,23691.65,23692.07,4729,2025-09-25,23793.78,23794.29,23791.69,23791.83,8099
2025-09-01 10:54:00,2025-08-28,23714.07,23714.29,23713.54,23714.07,7281,2025-09-25,23816.88,23817.3,23815.32,23815.52,5921
2025-09-01 10:55:00,2025-08-28,23705.78,23706.21,23704.54,23704.81,4913,2025-09-25,23804.83,23805.25,23804.35,23804.94,2446
2025-09-01 10:56:00,2025-08-28,23681.32,23681.81,23680.35,23680.64,7182,2025-09-25,23787.41,23788.15,23786.65,23787.37,6050
2025-09-01 10:57:00,2025-08-28,23665.54,23667.18,23664.54,23667.01,15113,2025-09-25,23764.07,23766.93,23763.79,23765.17,5203
2025-09-01 10:58:00,2025-08-28,23680.94,23682.01,23679.27,23679.95,18884,2025-09-25,23784.21,23785.11,23779.6,23780.27,9064
2025-09-01 10:59:00,2025-08-28,23683.77,23684.66,23683.68,23683.79,21489,2025-09-25,23783.94,23784.6,23782.37,23783.18,7579
2025-09-01 11:00:00,2025-08-28,23681.12,23682.98,23680.83,23681.96,17093,2025-09-25,23786.88,23787.9,23783.59,23784.0,6661
2025-09-01 11:01:00,2025-08-28,23675.09,23675.48,23674.71,23674.81,9710,2025-09-25,23776.59,23776.62,23776.16,23776.32,6613
2025-09-01 11:02:00,2025-08-28,23681.88,23682.11,23681.14,23681.77,4242,2025-09-25,23785.17,23785.29,23783.84,23784.81,11646
2025-09-01 11:03:00,2025-08-28,23670.91,23671.34,23669.71,23669.93,12882,2025-09-25,23767.79,23768.67,23767.38,23768.39,9441
2025-09-01 11:04:00,2025-08-28,23674.49,23674.75,23673.71,23673.88,26960,2025-09-25,23771.81,23772.42,23770.37,23771.14,6718
2025-09-01 11:05:00,2025-08-28,23665.25,23665.53,23664.43,23664.61,24683,2025-09-25,23763.86,23764.29,23761.08,23762.29,6531
2025-09-01 11:06:00,2025-08-28,23647.75,23651.1,23647.54,23649.91,7174,2025-09-25,23750.47,23751.12,23748.29,23748.52,1778
2025-09-01 11:07:00,2025-08-28,23640.56,23642.14,23640.01,23640.56,7254,2025-09-25,23743.99,23744.44,23742.14,23742.18,11396
2025-09-01 11:08:00,2025-08-28,23636.05,23637.61,23635.13,23636.21,15402,2025-09-25,23736.21,23737.15,23736.15,23736.75,4851
2025-09-01 11:09:00,2025-08-28,23635.75,23636.82,23635.1,23635.25,14705,2025-09-25,23736.17,23739.13,23736.02,23737.52,4187
2025-09-01 11:10:00,2025-08-28,23638.36,23639.08,23637.6,23638.0,24893,2025-09-25,23742.73,23743.12,23742.13,23742.49,11993
2025-09-01 11:11:00,2025-08-28,23581.74,23584.17,23580.99,23583.58,6037,2025-09-25,23685.09,23685.61,23684.58,23685.47,9046
2025-09-01 11:12:00,2025-08-28,23569.76,23572.03,23569.44,23571.74,12054,2025-09-25,23678.0,23678.89,23676.02,23676.62,1997
2025-09-01 11:13:00,2025-08-28,23566.17,23567.37,23565.75,23566.04,26133,2025-09-25,23665.66,23666.69,23664.45,23665.97,2149
2025-09-01 11:14:00,2025-08-28,23587.46,23588.99,23587.23,23588.33,8941,2025-09-25,23688.03,23688.12,23687.51,23688.08,1767
2025-09-01 11:15:00,2025-08-28,23576.61,23577.11,23573.18,23574.34,15310,2025-09-25,23672.23,23672.67,23671.13,23672.56,7795
2025-09-01 11:16:00,2025-08-28,23574.76,23575.82,23574.58,23575.09,11696,2025-09-25,23677.75,23678.45,23673.93,23674.18,2251
2025-09-01 11:17:00,2025-08-28,23597.95,23598.41,23596.93,23598.22,6787,2025-09-25,23697.58,23699.47,23696.05,23698.75,11300
2025-09-01 11:18:00,2025-08-28,23579.96,23580.57,23579.19,23579.59,23342,2025-09-25,23684.1,23684.71,23681.75,23681.99,11337
2025-09-01 11:19:00,2025-08-28,23583.17,23583.99,23583.06,23583.69,16739,2025-09-25,23676.12,23678.73,23674.01,23678.23,7233
2025-09-01 11:20:00,2025-08-28,23576.12,23576.58,23572.95,23573.48,22863,2025-09-25,23676.75,23677.52,23673.66,23675.31,7974
2025-09-01 11:21:00,2025-08-28,23564.68,23564.85,23564.0,23564.56,14474,2025-09-25,23661.39,23662.96,23659.74,23659.85,4564
2025-09-01 11:22:00,2025-08-28,23558.15,23559.12,23556.38,23557.01,15652,2025-09-25,23652.9,23655.18,23652.86,23654.0,2171
2025-09-01 11:23:00,2025-08-28,23540.05,23542.2,23538.62,23542.09,8618,2025-09-25,23643.25,23644.11,23643.14,23643.86,9243
2025-09-01 11:24:00,2025-08-28,23582.41,23582.99,23581.6,23582.31,24833,2025-09-25,23679.94,23680.33,23679.7,23679.75,2568
2025-09-01 11:25:00,2025-08-28,23595.21,23595.28,23594.52,23594.86,6325,2025-09-25,23694.05,23694.53,23692.93,23693.08,2398
2025-09-01 11:26:00,2025-08-28,23611.63,23612.57,23610.76,23611.21,22997,2025-09-25,23714.51,23716.33,23713.3,23714.72,4767
2025-09-01 11:27:00,2025-08-28,23618.94,23619.04,23617.55,23618.56,11842,2025-09-25,23716.78,23719.55,23716.26,23719.47,1630
2025-09-01 11:28:00,2025-08-28,23594.63,23595.21,23593.87,23594.91,27342,2025-09-25,23698.69,23699.66,23697.1,23697.84,6057
2025-09-01 11:29:00,2025-08-28,23599.47,23601.4,23599.16,23600.85,23138,2025-09-25,23701.84,23703.38,23699.97,23700.75,8930
2025-09-01 11:30:00,2025-08-28,23619.76,23619.9,23617.8,23618.84,7402,2025-09-25,23713.84,23716.39,23712.95,23715.9,9914
2025-09-01 11:31:00,2025-08-28,23604.23,23605.84,23603.58,23605.75,17207,2025-09-25,23708.75,23710.07,23707.51,23707.8,7845
2025-09-01 11:32:00,2025-08-28,23617.85,23619.35,23617.52,23618.91,8807,2025-09-25,23711.25,23714.7,23711.11,23714.54,10392
2025-09-01 11:33:00,2025-08-28,23629.04,23629.62,23628.45,23629.06,26360,2025-09-25,23732.91,23733.09,23732.51,23732.85,5768
2025-09-01 11:34:00,2025-08-28,23657.12,23657.2,23656.24,23656.55,6219,2025-09-25,23759.11,23759.92,23759.06,23759.29,10412
2025-09-01 11:35:00,2025-08-28,23649.97,23652.83,23649.82,23652.12,25297,2025-09-25,23750.64,23753.3,23749.73,23753.17,6817
2025-09-01 11:36:00,2025-08-28,23633.24,23634.63,23632.89,23634.28,17899,2025-09-25,23736.06,23736.8,23733.29,23735.39,3841
2025-09-01 11:37:00,2025-08-28,23629.86,23630.51,23628.72,23629.01,5619,2025-09-25,23728.2,23728.97,23726.94,23728.29,11413
2025-09-01 11:38:00,2025-08-28,23651.2,23651.31,23649.8,23651.07,15590,2025-09-25,23752.35,23753.26,23750.33,23750.72,4387
2025-09-01 11:39:00,2025-08-28,23623.93,23624.71,23622.78,23623.36,20637,2025-09-25,23722.48,23724.47,23722.03,23723.96,1775
2025-09-01 11:40:00,2025-08-28,23591.83,23594.26,23591.19,23593.99,5918,2025-09-25,23693.66,23694.26,23690.33,23691.7,4048
2025-09-01 11:41:00,2025-08-28,23593.74,23594.73,23592.96,23594.28,14815,2025-09-25,23692.59,23695.57,23692.51,23694.81,5350
2025-09-01 11:42:00,2025-08-28,23590.52,23592.18,23590.29,23591.55,8496,2025-09-25,23689.62,23690.51,23685.46,23686.86,5189
2025-09-01 11:43:00,2025-08-28,23589.39,23590.09,23588.0,23588.02,12013,2025-09-25,23687.71,23688.38,23685.3,23687.75,7009
2025-09-01 11:44:00,2025-08-28,23600.66,23602.52,23600.37,23602.05,17505,2025-09-25,23702.65,23703.64,23700.88,23701.61,10772
2025-09-01 11:45:00,2025-08-28,23595.45,23596.5,23593.63,23593.97,23362,2025-09-25,23687.42,23689.59,23686.58,23688.96,4569
2025-09-01 11:46:00,2025-08-28,23568.12,23568.56,23566.23,23566.58,25664,2025-09-25,23667.64,23669.33,23666.38,23667.44,6968
2025-09-01 11:47:00,2025-08-28,23600.06,23600.12,23597.93,23598.67,8504,2025-09-25,23700.36,23701.91,23699.97,23700.51,5071
2025-09-01 11:48:00,2025-08-28,23580.92,23582.53,23580.65,23582.53,21802,2025-09-25,23680.3,23683.51,23679.45,23683.44,10128
2025-09-01 11:49:00,2025-08-28,23567.34,23567.94,23566.65,23566.81,12978,2025-09-25,23668.52,23669.16,23667.79,23669.09,3154
2025-09-01 11:50:00,2025-08-28,23582.56,23583.71,23581.88,23582.84,8605,2025-09-25,23681.24,23683.86,23680.6,23682.89,2586
2025-09-01 11:51:00,2025-08-28,23576.4,23578.4,23575.68,23577.24,20769,2025-09-25,23681.12,23681.49,23679.91,23680.47,6781
2025-09-01 11:52:00,2025-08-28,23579.04,23579.7,23575.33,23576.39,14828,2025-09-25,23682.33,23683.58,23680.4,23680.64,8554
2025-09-01 11:53:00,2025-08-28,23584.77,23585.34,23583.07,23583.67,23887,2025-09-25,23688.37,23689.63,23688.2,23689.2,9853
2025-09-01 11:54:00,2025-08-28,23600.26,23600.88,23599.34,23599.67,7291,2025-09-25,23699.73,23702.55,23699.43,23701.96,7691
2025-09-01 11:55:00,2025-08-28,23594.91,23595.84,23594.27,23595.09,25180,2025-09-25,23696.14,23697.09,23695.04,23695.83,9625
2025-09-01 11:56:00,2025-08-28,23619.76,23620.27,23618.92,23619.15,11905,2025-09-25,23718.81,23719.41,23717.52,23717.92,5623
2025-09-01 11:57:00,2025-08-28,23588.72,23588.77,23587.24,23587.35,25364,2025-09-25,23693.52,23693.78,23689.91,23689.96,1845
2025-09-01 11:58:00,2025-08-28,23598.25,23598.83,23597.56,23598.0,16610,2025-09-25,23691.28,23693.92,23690.72,23693.76,2719
2025-09-01 11:59:00,2025-08-28,23584.58,23585.01,23583.28,23584.87,25470,2025-09-25,23684.92,23689.6,23684.21,23688.44,1906
2025-09-01 12:00:00,2025-08-28,23603.96,23606.14,23603.55,23605.21,4561,2025-09-25,23702.21,23706.52,23701.92,23704.74,4953
2025-09-01 12:01:00,2025-08-28,23608.24,23608.93,23607.12,23607.39,8803,2025-09-25,23705.27,23707.0,23704.84,23706.08,6702
2025-09-01 12:02:00,2025-08-28,23597.59,23597.79,23596.94,23597.53,11189,2025-09-25,23695.16,23696.72,23693.55,23695.6,5241
2025-09-01 12:03:00,2025-08-28,23607.45,23607.49,23606.77,23607.44,17558,2025-09-25,23709.98,23711.19,23709.59,23709.9,7386
2025-09-01 12:04:00,2025-08-28,23621.84,23622.52,23620.5,23620.96,26438,2025-09-25,23722.52,23724.53,23720.72,23723.98,6546
2025-09-01 12:05:00,2025-08-28,23634.0,23634.35,23632.98,23633.32,17541,2025-09-25,23734.92,23735.46,23732.28,23732.97,8618
2025-09-01 12:06:00,2025-08-28,23614.97,23616.78,23614.92,23616.0,8181,2025-09-25,23716.48,23716.55,23716.17,23716.43,8503
2025-09-01 12:07:00,2025-08-28,23609.14,23609.62,23608.32,23608.72,24685,2025-09-25,23706.22,23708.49,23706.09,23708.11,4839
2025-09-01 12:08:00,2025-08-28,23608.5,23609.12,23607.56,23608.05,8280,2025-09-25,23710.16,23711.85,23710.05,23710.68,5135
2025-09-01 12:09:00,2025-08-28,23607.37,23608.08,23607.34,23607.52,10600,2025-09-25,23709.06,23710.07,23705.57,23707.18,7644
2025-09-01 12:10:00,2025-08-28,23621.62,23621.88,23621.13,23621.5,24729,2025-09-25,23719.76,23721.87,23719.23,23721.36,7762
2025-09-01 12:11:00,2025-08-28,23589.23,23589.23,23588.11,23589.0,7012,2025-09-25,23688.88,23688.91,23687.49,23687.49,4804
2025-09-01 12:12:00,2025-08-28,23593.4,23595.21,23591.5,23595.02,20543,2025-09-25,23695.89,23698.11,23695.79,23697.9,4968
2025-09-01 12:13:00,2025-08-28,23590.94,23591.66,23590.28,23590.74,18073,2025-09-25,23695.17,23696.1,23693.06,23693.07,8787
2025-09-01 12:14:00,2025-08-28,23576.54,23577.79,23576.34,23577.51,11900,2025-09-25,23674.97,23675.28,23674.62,23674.97,8297
2025-09-01 12:15:00,2025-08-28,23568.0,23568.71,23567.92,23568.47,13554,2025-09-25,23674.6,23675.12,23673.36,23673.74,2918
2025-09-01 12:16:00,2025-08-28,23563.79,23565.26,23563.48,23563.55,12932,2025-09-25,23666.86,23667.75,23666.72,23667.55,6130
2025-09-01 12:17:00,2025-08-28,23509.57,23511.64,23508.79,23510.58,4057,2025-09-25,23613.26,23614.72,23611.19,23612.19,10873
2025-09-01 12:18:00,2025-08-28,23502.43,23503.0,23499.47,23500.34,16669,2025-09-25,23594.47,23597.92,23594.12,23597.7,1881
2025-09-01 12:19:00,2025-08-28,23486.1,23487.74,23485.51,23487.54,24831,2025-09-25,23592.39,23592.96,23592.07,23592.57,10479
2025-09-01 12:20:00,2025-08-28,23493.56,23497.26,23493.45,23496.02,4289,2025-09-25,23597.96,23598.68,23594.41,23595.61,3213
2025-09-01 12:21:00,2025-08-28,23486.27,23487.53,23486.1,23486.53,12731,2025-09-25,23583.5,23585.01,23583.37,23583.64,6826
2025-09-01 12:22:00,2025-08-28,23479.81,23481.37,23479.19,23480.61,21418,2025-09-25,23582.09,23582.8,23582.0,23582.21,5955
2025-09-01 12:23:00,2025-08-28,23502.63,23504.06,23502.16,23503.36,18681,2025-09-25,23602.71,23604.14,23602.59,23604.12,1606
2025-09-01 12:24:00,2025-08-28,23517.12,23518.29,23516.96,23518.08,19804,2025-09-25,23621.36,23621.75,23619.14,23619.81,11111
2025-09-01 12:25:00,2025-08-28,23530.98,23532.41,23530.77,23531.44,16628,2025-09-25,23631.64,23632.5,23630.13,23630.26,6276
2025-09-01 12:26:00,2025-08-28,23525.64,23525.72,23524.03,23524.57,11130,2025-09-25,23626.63,23628.17,23626.56,23627.42,11519
2025-09-01 12:27:00,2025-08-28,23533.87,23534.29,23531.58,23532.23,4796,2025-09-25,23635.4,23635.62,23633.3,23633.48,4510
2025-09-01 12:28:00,2025-08-28,23532.49,23532.78,23530.7,23530.99,7328,2025-09-25,23627.8,23630.08,23627.63,23628.83,10595
2025-09-01 12:29:00,2025-08-28,23526.42,23526.94,23526.05,23526.06,15582,2025-09-25,23620.05,23624.66,23619.75,23622.7,11185
2025-09-01 12:30:00,2025-08-28,23531.21,23532.45,23530.49,23532.17,19963,2025-09-25,23627.08,23629.29,23626.6,23629.0,7346
2025-09-01 12:31:00,2025-08-28,23521.91,23524.26,23520.93,23523.46,16419,2025-09-25,23618.27,23621.78,23615.92,23621.23,3628
2025-09-01 12:32:00,2025-08-28,23545.6,23545.63,23545.51,23545.53,17489,2025-09-25,23642.1,23642.49,23640.94,23642.19,8695
2025-09-01 12:33:00,2025-08-28,23545.43,23545.51,23542.95,23543.25,27168,2025-09-25,23645.99,23647.61,23645.6,23646.42,7264
2025-09-01 12:34:00,2025-08-28,23553.88,23554.65,23553.16,23553.48,26532,2025-09-25,23652.8,23653.56,23650.56,23651.05,11417
2025-09-01 12:35:00,2025-08-28,23575.13,23575.62,23573.3,23575.54,16541,2025-09-25,23680.82,23681.05,23676.48,23676.86,6112
2025-09-01 12:36:00,2025-08-28,23591.81,23592.41,23590.41,23590.49,7424,2025-09-25,23689.98,23690.6,23688.83,23688.98,4319
2025-09-01 12:37:00,2025-08-28,23568.25,23569.81,23568.03,23568.58,25098,2025-09-25,23669.23,23671.05,23668.42,23669.5,2952
2025-09-01 12:38:00,2025-08-28,23575.89,23577.04,23575.89,23576.73,13529,2025-09-25,23671.81,23671.82,23670.28,23671.03,8835
2025-09-01 12:39:00,2025-08-28,23586.7,23587.96,23586.16,23587.86,9774,2025-09-25,23694.11,23694.2,23693.67,23693.79,11728
2025-09-01 12:40:00,2025-08-28,23602.0,23602.57,23600.16,23601.11,19587,2025-09-25,23701.07,23701.17,23697.56,23699.89,1797
2025-09-01 12:41:00,2025-08-28,23586.48,23586.66,23583.58,23584.75,9932,2025-09-25,23690.83,23691.42,23689.71,23689.95,9274
2025-09-01 12:42:00,2025-08-28,23576.69,23576.89,23574.69,23575.13,24716,2025-09-25,23674.03,23676.15,23673.36,23675.01,11232
2025-09-01 12:43:00,2025-08-28,23589.48,23590.29,23588.84,23589.89,24428,2025-09-25,23690.29,23691.34,23690.02,23690.85,2285
2025-09-01 12:44:00,2025-08-28,23578.85,23579.73,23578.4,23579.65,21512,2025-09-25,23676.32,23677.06,23675.72,23676.72,2656
2025-09-01 12:45:00,2025-08-28,23573.8,23575.5,23573.79,23574.94,5837,2025-09-25,23676.23,23676.27,23674.7,23674.87,8765
2025-09-01 12:46:00,2025-08-28,23595.78,23598.02,23595.7,23597.72,15475,2025-09-25,23699.05,23699.16,23695.64,23696.52,8303
2025-09-01 12:47:00,2025-08-28,23599.8,23600.86,23598.74,23599.99,24435,2025-09-25,23696.33,23698.99,23694.66,23698.35,2222
2025-09-01 12:48:00,2025-08-28,23587.76,23588.7,23587.27,23588.06,16660,2025-09-25,23690.31,23691.86,23687.69,23688.31,10261
2025-09-01 12:49:00,2025-08-28,23574.77,23574.79,23573.34,23573.57,14567,2025-09-25,23676.83,23677.55,23673.01,23674.36,6995
2025-09-01 12:50:00,2025-08-28,23578.07,23578.68,23577.61,23578.56,15948,2025-09-25,23681.69,23681.97,23679.35,23679.53,11025
2025-09-01 12:51:00,2025-08-28,23559.22,23560.46,23558.68,23560.37,5197,2025-09-25,23658.75,23661.84,23657.33,23660.53,10718
2025-09-01 12:52:00,2025-08-28,23555.79,23556.18,23554.85,23555.44,23593,2025-09-25,23659.12,23659.93,23657.05,23657.3,10031
2025-09-01 12:53:00,2025-08-28,23559.99,23562.29,23559.78,23561.88,13894,2025-09-25,23659.57,23661.54,23658.72,23661.45,6916
2025-09-01 12:54:00,2025-08-28,23579.01,23580.1,23578.12,23579.64,12855,2025-09-25,23680.02,23680.02,23678.68,23679.38,4142
2025-09-01 12:55:00,2025-08-28,23588.11,23591.07,23587.27,23589.57,25010,2025-09-25,23689.08,23690.51,23688.43,23690.23,6812
2025-09-01 12:56:00,2025-08-28,23578.25,23580.7,23577.89,23579.61,21360,2025-09-25,23680.0,23680.85,23677.0,23677.28,2558
2025-09-01 12:57:00,2025-08-28,23598.45,23599.82,23596.25,23596.59,22934,2025-09-25,23692.55,23696.38,23692.31,23695.12,8417
2025-09-01 12:58:00,2025-08-28,23595.12,23595.63,23593.4,23593.45,27942,2025-09-25,23695.52,23697.61,23695.33,23696.57,2906
2025-09-01 12:59:00,2025-08-28,23573.41,23574.93,23573.3,23574.09,16960,2025-09-25,23674.41,23677.57,23673.53,23677.55,6867
2025-09-01 13:00:00,2025-08-28,23572.39,23573.81,23572.04,23572.93,16921,2025-09-25,23668.47,23670.78,23667.86,23670.47,2071
2025-09-01 13:01:00,2025-08-28,23595.89,23596.07,23594.27,23594.85,15354,2025-09-25,23691.96,23696.63,23691.89,23695.7,4644
2025-09-01 13:02:00,2025-08-28,23596.67,23596.78,23595.35,23596.23,18816,2025-09-25,23698.48,23698.89,23697.17,23697.4,3936
2025-09-01 13:03:00,2025-08-28,23596.36,23596.85,23595.38,23595.72,14441,2025-09-25,23697.53,23700.46,23697.3,23700.01,8010
2025-09-01 13:04:00,2025-08-28,23621.24,23621.27,23619.43,23619.99,5537,2025-09-25,23724.87,23725.09,23723.18,23723.76,9761
2025-09-01 13:05:00,2025-08-28,23599.88,23601.14,23598.67,23600.7,21177,2025-09-25,23699.82,23700.57,23699.69,23700.57,2101
2025-09-01 13:06:00,2025-08-28,23582.41,23583.51,23580.9,23581.09,5553,2025-09-25,23676.66,23678.58,23674.66,23677.75,10427
2025-09-01 13:07:00,2025-08-28,23553.82,23556.45,23553.23,23556.26,10799,2025-09-25,23657.28,23657.29,23655.55,23656.2,10538
2025-09-01 13:08:00,2025-08-28,23561.43,23561.87,23560.9,23561.83,15982,2025-09-25,23659.39,23659.77,23658.79,23659.35,5093
2025-09-01 13:09:00,2025-08-28,23564.0,23564.47,23563.6,23564.37,10565,2025-09-25,23668.07,23668.75,23664.99,23665.44,8419
2025-09-01 13:10:00,2025-08-28,23586.81,23587.33,23586.37,23587.21,6633,2025-09-25,23689.36,23689.75,23686.88,23687.15,5727
2025-09-01 13:11:00,2025-08-28,23592.98,23593.44,23592.64,23592.84,12300,2025-09-25,23688.36,23691.66,23687.3,23690.81,3119
2025-09-01 13:12:00,2025-08-28,23585.21,23586.1,23583.63,23584.99,12467,2025-09-25,23687.82,23687.98,23686.9,23687.76,7050
2025-09-01 13:13:00,2025-08-28,23585.12,23585.66,23584.97,23585.1,20261,2025-09-25,23681.61,23683.18,23681.35,23682.92,2406
2025-09-01 13:14:00,2025-08-28,23585.9,23587.29,23585.67,23586.92,24937,2025-09-25,23688.46,23688.8,23686.43,23686.68,10723
2025-09-01 13:15:00,2025-08-28,23562.98,23563.24,23562.09,23562.33,20607,2025-09-25,23665.24,23665.4,23663.93,23664.92,11205
2025-09-01 13:16:00,2025-08-28,23603.46,23604.1,23601.27,23602.41,14270,2025-09-25,23704.83,23705.77,23704.28,23705.52,10126
2025-09-01 13:17:00,2025-08-28,23610.28,23611.5,23609.81,23610.17,21454,2025-09-25,23706.13,23708.71,23706.11,23707.94,7406
2025-09-01 13:18:00,2025-08-28,23613.67,23614.07,23612.93,23613.36,8308,2025-09-25,23711.83,23712.98,23710.37,23712.98,7354
2025-09-01 13:19:00,2025-08-28,23628.35,23628.48,23624.83,23625.1,25632,2025-09-25,23724.13,23725.75,23722.14,23722.96,11838
2025-09-01 13:20:00,2025-08-28,23636.61,23637.48,23635.35,23636.95,14753,2025-09-25,23728.69,23729.19,23726.98,23728.88,4102
2025-09-01 13:21:00,2025-08-28,23631.74,23631.99,23630.86,23631.35,21940,2025-09-25,23735.43,23736.41,23733.0,23733.23,2297
2025-09-01 13:22:00,2025-08-28,23621.46,23622.37,23620.42,23621.84,7626,2025-09-25,23725.06,23726.15,23722.22,23723.02,7400
2025-09-01 13:23:00,2025-08-28,23630.44,23630.93,23628.78,23630.79,27764,2025-09-25,23734.26,23735.78,23732.53,23732.78,4952
2025-09-01 13:24:00,2025-08-28,23635.28,23636.58,23635.28,23636.57,14639,2025-09-25,23745.32,23746.81,23744.92,23745.42,4884
2025-09-01 13:25:00,2025-08-28,23622.92,23626.0,23621.63,23624.67,14572,2025-09-25,23729.34,23730.01,23728.67,23729.23,1574
2025-09-01 13:26:00,2025-08-28,23649.49,23649.85,23647.5,23647.94,18273,2025-09-25,23746.02,23747.33,23744.56,23746.7,7760
2025-09-01 13:27:00,2025-08-28,23651.6,23652.82,23650.56,23650.67,11573,2025-09-25,23752.29,23753.08,23751.64,23751.9,4272
2025-09-01 13:28:00,2025-08-28,23660.94,23661.26,23660.46,23661.05,22278,2025-09-25,23765.47,23766.33,23763.27,23763.97,3472
2025-09-01 13:29:00,2025-08-28,23682.23,23682.93,23681.72,23682.69,5129,2025-09-25,23788.25,23788.92,23786.0,23786.17,1924
2025-09-01 13:30:00,2025-08-28,23679.73,23682.71,23679.33,23682.15,25162,2025-09-25,23787.01,23789.19,23786.49,23787.65,5325
2025-09-01 13:31:00,2025-08-28,23689.81,23691.44,23689.19,23691.37,6443,2025-09-25,23783.11,23785.32,23782.61,23784.72,10729
2025-09-01 13:32:00,2025-08-28,23698.54,23699.63,23698.0,23699.02,7566,2025-09-25,23796.93,23798.06,23796.46,23797.48,5035
2025-09-01 13:33:00,2025-08-28,23690.12,23690.47,23689.4,23689.56,4496,2025-09-25,23793.4,23793.62,23791.75,23793.17,8630
2025-09-01 13:34:00,2025-08-28,23691.5,23691.53,23690.06,23690.57,20783,2025-09-25,23785.94,23792.21,23785.45,23791.01,9443
2025-09-01 13:35:00,2025-08-28,23692.01,23692.07,23691.18,23691.53,10313,2025-09-25,23789.68,23793.16,23788.5,23791.35,4945
2025-09-01 13:36:00,2025-08-28,23679.72,23680.45,23678.49,23678.68,26514,2025-09-25,23774.89,23774.9,23774.36,23774.55,10127
2025-09-01 13:37:00,2025-08-28,23711.98,23712.31,23711.51,23711.53,4891,2025-09-25,23813.01,23814.29,23809.79,23810.96,8764
2025-09-01 13:38:00,2025-08-28,23692.9,23693.38,23691.86,23692.41,23505,2025-09-25,23796.41,23797.26,23792.82,23793.62,7372
2025-09-01 13:39:00,2025-08-28,23673.61,23674.08,23670.88,23671.58,19357,2025-09-25,23772.16,23772.69,23770.28,23771.42,1510
2025-09-01 13:40:00,2025-08-28,23692.85,23693.18,23690.1,23691.13,4721,2025-09-25,23793.75,23794.37,23793.7,23794.21,1868
2025-09-01 13:41:00,2025-08-28,23703.55,23704.76,23703.46,23704.33,7815,2025-09-25,23803.68,23804.74,23802.06,23802.21,11904
2025-09-01 13:42:00,2025-08-28,23687.79,23688.03,23686.72,23686.76,19224,2025-09-25,23791.3,23791.79,23789.42,23790.31,9713
2025-09-01 13:43:00,2025-08-28,23696.55,23697.19,23695.3,23695.74,11094,2025-09-25,23799.69,23800.48,23799.01,23799.92,11344
2025-09-01 13:44:00,2025-08-28,23717.53,23719.17,23717.13,23718.45,8773,2025-09-25,23815.53,23817.3,23814.53,23815.01,10974
2025-09-01 13:45:00,2025-08-28,23715.68,23718.18,23714.51,23717.23,4739,2025-09-25,23815.1,23817.76,23814.74,23815.85,1714
2025-09-01 13:46:00,2025-08-28,23756.33,23757.25,23755.41,23756.08,5893,2025-09-25,23854.07,23857.39,23853.03,23855.51,9814
2025-09-01 13:47:00,2025-08-28,23731.86,23732.24,23730.67,23730.96,10179,2025-09-25,23832.41,23832.72,23830.0,23831.51,6237
2025-09-01 13:48:00,2025-08-28,23742.81,23743.42,23741.68,23741.8,15311,2025-09-25,23846.85,23847.01,23846.78,23846.96,9790
2025-09-01 13:49:00,2025-08-28,23759.69,23760.54,23757.89,23758.18,12369,2025-09-25,23854.51,23855.28,23854.06,23854.6,1570
2025-09-01 13:50:00,2025-08-28,23772.65,23773.22,23772.22,23772.84,13275,2025-09-25,23874.93,23875.68,23874.76,23875.67,4526
2025-09-01 13:51:00,2025-08-28,23768.43,23769.24,23767.93,23768.56,21541,2025-09-25,23866.51,23868.71,23865.74,23867.29,9388
2025-09-01 13:52:00,2025-08-28,23766.17,23766.64,23763.45,23764.32,6206,2025-09-25,23863.65,23867.11,23863.31,23865.76,9826
2025-09-01 13:53:00,2025-08-28,23774.22,23774.47,23774.11,23774.35,5691,2025-09-25,23875.63,23877.24,23874.3,23876.92,8007
2025-09-01 13:54:00,2025-08-28,23783.89,23784.33,23783.02,23783.23,13342,2025-09-25,23883.88,23884.56,23881.94,23882.1,4663
2025-09-01 13:55:00,2025-08-28,23793.61,23794.61,23792.96,23793.47,15596,2025-09-25,23892.24,23892.99,23890.87,23892.5,4758
2025-09-01 13:56:00,2025-08-28,23807.91,23808.76,23807.87,23808.11,23052,2025-09-25,23906.41,23910.11,23905.94,23909.22,11651
2025-09-01 13:57:00,2025-08-28,23792.39,23792.82,23791.58,23792.75,23579,2025-09-25,23898.66,23899.35,23898.14,23898.89,6111
2025-09-01 13:58:00,2025-08-28,23791.77,23792.29,23788.92,23789.44,16078,2025-09-25,23889.86,23892.74,23889.38,23892.23,6194
2025-09-01 13:59:00,2025-08-28,23778.28,23778.6,23777.53,23777.99,23044,2025-09-25,23875.96,23876.09,23874.82,23875.23,7299
2025-09-01 14:00:00,2025-08-28,23769.29,23770.17,23769.13,23769.86,15235,2025-09-25,23869.66,23872.22,23868.65,23871.87,5799
2025-09-01 14:01:00,2025-08-28,23785.66,23786.48,23784.73,23785.05,13001,2025-09-25,23890.12,23890.45,23888.43,23888.52,7303
2025-09-01 14:02:00,2025-08-28,23789.79,23790.23,23789.22,23789.23,20535,2025-09-25,23896.27,23897.2,23894.5,23895.31,6039
2025-09-01 14:03:00,2025-08-28,23824.37,23826.32,23823.93,23826.19,23359,2025-09-25,23928.02,23928.92,23926.17,23926.7,10180
2025-09-01 14:04:00,2025-08-28,23829.63,23829.86,23827.87,23828.62,14297,2025-09-25,23932.21,23932.68,23930.26,23931.22,11045
2025-09-01 14:05:00,2025-08-28,23831.49,23831.73,23828.97,23829.59,8152,2025-09-25,23933.32,23933.91,23931.67,23932.71,11287
2025-09-01 14:06:00,2025-08-28,23832.1,23832.76,23831.26,23832.48,11058,2025-09-25,23930.97,23933.43,23929.53,23932.1,7425
2025-09-01 14:07:00,2025-08-28,23821.74,23824.75,23821.48,23823.46,10806,2025-09-25,23924.47,23926.02,23924.43,23924.81,6142
2025-09-01 14:08:00,2025-08-28,23822.56,23823.3,23820.04,23821.04,12161,2025-09-25,23924.37,23925.57,23924.21,23924.46,8905
2025-09-01 14:09:00,2025-08-28,23839.43,23839.56,23838.3,23838.66,5948,2025-09-25,23941.07,23944.72,23941.04,23943.22,10302
2025-09-01 14:10:00,2025-08-28,23840.33,23840.58,23839.39,23839.73,25692,2025-09-25,23937.91,23940.85,23937.01,23939.98,7411
2025-09-01 14:11:00,2025-08-28,23827.63,23828.25,23827.6,23827.97,17134,2025-09-25,23935.73,23935.87,23929.54,23930.51,8849
2025-09-01 14:12:00,2025-08-28,23815.01,23815.23,23813.97,23815.1,8777,2025-09-25,23916.01,23916.68,23915.16,23915.84,9372
2025-09-01 14:13:00,2025-08-28,23809.77,23809.79,23807.47,23807.63,9248,2025-09-25,23909.54,23913.81,23908.9,23912.6,8602
2025-09-01 14:14:00,2025-08-28,23807.88,23809.48,23807.8,23808.98,11333,2025-09-25,23911.79,23912.2,23910.7,23911.05,9334
2025-09-01 14:15:00,2025-08-28,23828.1,23828.83,23826.79,23827.01,22985,2025-09-25,23927.78,23929.02,23927.15,23928.64,3690
2025-09-01 14:16:00,2025-08-28,23805.57,23807.21,23804.84,23806.79,18818,2025-09-25,23910.43,23911.12,23909.73,23910.17,6732
2025-09-01 14:17:00,2025-08-28,23802.43,23803.98,23802.13,23803.96,11056,2025-09-25,23902.64,23902.77,23901.62,23902.4,7676
2025-09-01 14:18:00,2025-08-28,23803.91,23805.96,23803.6,23805.33,27823,2025-09-25,23912.72,23913.65,23906.76,23907.52,1526
2025-09-01 14:19:00,2025-08-28,23775.08,23777.36,23774.48,23777.1,26965,2025-09-25,23876.01,23878.79,23875.49,23878.24,10487
2025-09-01 14:20:00,2025-08-28,23765.13,23765.13,23764.05,23764.78,16704,2025-09-25,23866.81,23866.98,23864.55,23865.33,7905
2025-09-01 14:21:00,2025-08-28,23754.65,23755.23,23753.79,23754.75,12860,2025-09-25,23858.85,23860.08,23854.35,23856.54,2855
2025-09-01 14:22:00,2025-08-28,23745.99,23746.45,23745.99,23746.22,17715,2025-09-25,23843.64,23843.86,23842.59,23843.75,10071
2025-09-01 14:23:00,2025-08-28,23747.67,23748.0,23746.3,23746.78,9546,2025-09-25,23845.96,23846.09,23844.84,23845.02,9029
2025-09-01 14:24:00,2025-08-28,23742.99,23743.63,23742.22,23743.62,21953,2025-09-25,23840.31,23841.08,23838.79,23839.03,9462
2025-09-01 14:25:00,2025-08-28,23734.19,23735.91,23734.11,23735.45,12160,2025-09-25,23843.99,23844.71,23841.42,23842.41,5616
2025-09-01 14:26:00,2025-08-28,23744.04,23745.37,23742.51,23742.67,13989,2025-09-25,23844.31,23844.82,23843.22,23844.37,10469
2025-09-01 14:27:00,2025-08-28,23767.49,23768.08,23767.42,23767.59,25610,2025-09-25,23870.81,23870.9,23869.53,23870.47,5847
2025-09-01 14:28:00,2025-08-28,23793.25,23793.66,23792.63,23793.03,27279,2025-09-25,23892.68,23893.4,23888.08,23889.5,7490
2025-09-01 14:29:00,2025-08-28,23765.02,23766.67,23764.26,23765.59,13241,2025-09-25,23865.24,23866.04,23862.86,23862.98,1506
2025-09-01 14:30:00,2025-08-28,23773.61,23773.69,23771.84,23772.19,18665,2025-09-25,23871.25,23875.15,23870.79,23873.84,8271
2025-09-01 14:31:00,2025-08-28,23772.83,23772.91,23771.43,23771.9,27241,2025-09-25,23870.17,23870.43,23869.37,23869.72,9040
2025-09-01 14:32:00,2025-08-28,23772.67,23772.9,23771.9,23772.01,4712,2025-09-25,23878.45,23878.65,23877.02,23877.29,7454
2025-09-01 14:33:00,2025-08-28,23766.18,23767.15,23765.32,23767.13,21826,2025-09-25,23869.04,23870.75,23867.43,23867.67,6713
2025-09-01 14:34:00,2025-08-28,23767.06,23768.22,23766.01,23767.99,14304,2025-09-25,23870.9,23871.66,23869.58,23870.66,10004
2025-09-01 14:35:00,2025-08-28,23770.47,23770.51,23769.52,23770.36,18672,2025-09-25,23876.63,23878.23,23872.65,23873.98,8654
2025-09-01 14:36:00,2025-08-28,23764.3,23764.52,23762.37,23762.51,15138,2025-09-25,23861.74,23865.3,23861.19,23864.71,4419
2025-09-01 14:37:00,2025-08-28,23749.93,23750.26,23748.17,23748.55,16458,2025-09-25,23845.68,23847.58,23844.32,23847.02,11570
2025-09-01 14:38:00,2025-08-28,23742.56,23742.82,23740.99,23741.96,18464,2025-09-25,23842.93,23844.53,23841.13,23843.29,8926
2025-09-01 14:39:00,2025-08-28,23746.58,23747.37,23745.79,23747.37,6979,2025-09-25,23848.5,23849.25,23848.08,23848.93,11873
2025-09-01 14:40:00,2025-08-28,23754.86,23755.31,23754.43,23754.5,9872,2025-09-25,23858.09,23858.95,23857.98,23858.01,11698
2025-09-01 14:41:00,2025-08-28,23767.13,23767.71,23766.75,23767.41,14698,2025-09-25,23860.72,23863.18,23860.28,23862.84,11148
2025-09-01 14:42:00,2025-08-28,23762.73,23763.61,23760.75,23760.89,25403,2025-09-25,23859.67,23861.65,23859.39,23860.98,9431
2025-09-01 14:43:00,2025-08-28,23762.38,23764.86,23761.88,23764.3,25993,2025-09-25,23870.33,23870.35,23867.61,23867.83,7899
2025-09-01 14:44:00,2025-08-28,23778.86,23779.44,23778.38,23778.7,24370,2025-09-25,23878.6,23881.82,23877.6,23881.22,3307
2025-09-01 14:45:00,2025-08-28,23795.56,23796.32,23794.91,23796.15,5686,2025-09-25,23894.99,23896.55,23894.38,23895.9,7205
2025-09-01 14:46:00,2025-08-28,23795.62,23795.75,23795.31,23795.62,23436,2025-09-25,23896.58,23897.01,23895.32,23896.66,9536
2025-09-01 14:47:00,2025-08-28,23792.89,23793.26,23792.06,23792.13,16669,2025-09-25,23891.43,23893.12,23889.27,23890.05,6969
2025-09-01 14:48:00,2025-08-28,23797.9,23798.43,23795.23,23796.12,18636,2025-09-25,23897.43,23900.83,23897.29,23899.63,10616
2025-09-01 14:49:00,2025-08-28,23775.15,23778.09,23774.6,23778.02,24203,2025-09-25,23885.06,23885.11,23881.4,23881.79,2651
2025-09-01 14:50:00,2025-08-28,23776.24,23777.22,23775.18,23775.22,18297,2025-09-25,23876.39,23877.04,23875.15,23875.87,5499
2025-09-01 14:51:00,2025-08-28,23787.72,23788.6,23785.92,23786.38,23185,2025-09-25,23893.41,23894.08,23889.13,23889.59,6812
2025-09-01 14:52:00,2025-08-28,23795.39,23796.84,23794.73,23796.02,27792,2025-09-25,23895.37,23896.66,23894.38,23895.01,6039
2025-09-01 14:53:00,2025-08-28,23793.95,23794.71,23792.8,23794.02,20298,2025-09-25,23888.86,23893.24,23888.02,23891.93,2640
2025-09-01 14:54:00,2025-08-28,23798.22,23798.45,23798.0,23798.28,26376,2025-09-25,23898.0,23898.39,23895.12,23896.37,3112
2025-09-01 14:55:00,2025-08-28,23783.02,23784.09,23782.65,23783.55,13080,2025-09-25,23882.82,23885.33,23882.56,23884.62,10294
2025-09-01 14:56:00,2025-08-28,23794.87,23795.09,23793.53,23793.75,27218,2025-09-25,23893.37,23893.62,23892.38,23893.31,6586
2025-09-01 14:57:00,2025-08-28,23791.8,23793.35,23791.07,23792.67,15633,2025-09-25,23896.44,23897.8,23895.09,23897.18,2011
2025-09-01 14:58:00,2025-08-28,23790.93,23791.74,23788.3,23789.63,27492,2025-09-25,23888.73,23889.82,23888.65,23889.0,1673
2025-09-01 14:59:00,2025-08-28,23782.19,23784.96,23781.78,23784.39,4626,2025-09-25,23883.85,23886.46,23882.95,23885.03,6471
2025-09-01 15:00:00,2025-08-28,23780.87,23783.7,23779.53,23783.14,4087,2025-09-25,23887.47,23888.08,23885.02,23886.16,3225
2025-09-01 15:01:00,2025-08-28,23774.69,23776.49,23774.51,23775.9,19065,2025-09-25,23879.54,23880.97,23879.38,23880.83,8903
2025-09-01 15:02:00,2025-08-28,23786.43,23786.64,23786.1,23786.29,11156,2025-09-25,23885.96,23888.39,23885.65,23886.87,9850
2025-09-01 15:03:00,2025-08-28,23781.13,23781.19,23778.47,23779.97,18585,2025-09-25,23880.24,23882.42,23879.38,23882.2,3897
2025-09-01 15:04:00,2025-08-28,23803.14,23804.35,23802.51,23803.77,21098,2025-09-25,23904.4,23906.18,23904.15,23905.95,7717
2025-09-01 15:05:00,2025-08-28,23824.57,23826.48,23824.37,23825.69,23490,2025-09-25,23928.85,23929.05,23927.02,23927.91,3121
2025-09-01 15:06:00,2025-08-28,23813.36,23813.56,23812.08,23812.69,9540,2025-09-25,23917.63,23917.91,23915.26,23916.64,4687
2025-09-01 15:07:00,2025-08-28,23811.67,23814.34,23811.2,23813.6,12193,2025-09-25,23914.92,23917.85,23914.75,23916.51,10832
2025-09-01 15:08:00,2025-08-28,23806.64,23806.77,23804.58,23804.78,21580,2025-09-25,23905.81,23907.04,23903.81,23906.98,7213
2025-09-01 15:09:00,2025-08-28,23797.85,23799.76,23797.45,23799.24,16970,2025-09-25,23901.02,23901.56,23897.76,23898.77,10801
2025-09-01 15:10:00,2025-08-28,23830.54,23830.87,23829.87,23830.03,14723,2025-09-25,23930.29,23930.84,23928.65,23929.39,3865
2025-09-01 15:11:00,2025-08-28,23824.81,23825.69,23823.39,23824.61,7285,2025-09-25,23927.11,23928.25,23925.79,23928.21,4965
2025-09-01 15:12:00,2025-08-28,23830.04,23830.52,23829.48,23830.07,19679,2025-09-25,23934.93,23934.95,23930.74,23931.01,6444
2025-09-01 15:13:00,2025-08-28,23837.24,23838.27,23837.19,23838.22,14122,2025-09-25,23939.28,23942.0,23938.67,23942.0,6540
2025-09-01 15:14:00,2025-08-28,23823.91,23825.08,23822.83,23823.38,27396,2025-09-25,23926.3,23928.15,23925.79,23928.02,11975
2025-09-01 15:15:00,2025-08-28,23810.62,23810.71,23810.58,23810.71,7871,2025-09-25,23912.41,23912.59,23910.6,23911.0,2701
2025-09-01 15:16:00,2025-08-28,23796.61,23796.91,23793.62,23794.16,9863,2025-09-25,23897.47,23898.23,23895.72,23896.37,10445
2025-09-01 15:17:00,2025-08-28,23781.35,23781.82,23780.19,23780.93,15028,2025-09-25,23877.54,23879.67,23877.38,23879.45,10568
2025-09-01 15:18:00,2025-08-28,23737.07,23738.17,23736.47,23737.57,19522,2025-09-25,23838.16,23838.45,23837.56,23837.88,7308
2025-09-01 15:19:00,2025-08-28,23745.18,23746.38,23743.94,23745.58,10756,2025-09-25,23848.97,23851.32,23848.35,23849.38,5112
2025-09-01 15:20:00,2025-08-28,23779.97,23780.03,23776.55,23778.05,7545,2025-09-25,23878.21,23878.91,23877.58,23877.6,6951
2025-09-01 15:21:00,2025-08-28,23777.92,23779.62,23777.84,23778.79,10728,2025-09-25,23878.08,23879.07,23876.77,23877.08,4570
2025-09-01 15:22:00,2025-08-28,23757.02,23758.37,23756.26,23758.01,4949,2025-09-25,23857.69,23858.18,23853.77,23853.99,9890
2025-09-01 15:23:00,2025-08-28,23749.26,23749.94,23748.27,23748.8,26542,2025-09-25,23848.31,23850.21,23848.13,23849.78,6731
2025-09-01 15:24:00,2025-08-28,23743.42,23744.09,23742.83,23742.84,16864,2025-09-25,23843.23,23843.33,23842.37,23842.98,11221
2025-09-01 15:25:00,2025-08-28,23726.46,23726.57,23726.23,23726.25,16275,2025-09-25,23823.2,23823.9,23822.19,23822.56,8038
2025-09-01 15:26:00,2025-08-28,23737.65,23739.15,23736.67,23739.11,14274,2025-09-25,23840.5,23841.01,23840.34,23840.77,6900
2025-09-01 15:27:00,2025-08-28,23754.26,23754.28,23752.29,23752.61,16524,2025-09-25,23853.82,23855.12,23850.01,23850.65,8966
2025-09-01 15:28:00,2025-08-28,23735.85,23736.0,23733.91,23734.26,18500,2025-09-25,23838.54,23839.17,23837.43,23839.15,6791
2025-09-01 15:29:00,2025-08-28,23861.5,23861.62,23859.81,23860.91,5820,2025-09-25,23957.36,23960.63,23955.89,23959.49,10997
