timestamp,vix_close
2025-08-22 09:15:00,14.2
2025-08-22 09:16:00,14.22
2025-08-22 09:17:00,14.2
2025-08-22 09:18:00,14.14
2025-08-22 09:19:00,14.11
2025-08-22 09:20:00,14.17
2025-08-22 09:21:00,14.13
2025-08-22 09:22:00,14.18
2025-08-22 09:23:00,14.19
2025-08-22 09:24:00,14.24
2025-08-22 09:25:00,14.28
2025-08-22 09:26:00,14.29
2025-08-22 09:27:00,14.24
2025-08-22 09:28:00,14.24
2025-08-22 09:29:00,14.23
2025-08-22 09:30:00,14.3
2025-08-22 09:31:00,14.38
2025-08-22 09:32:00,14.37
2025-08-22 09:33:00,14.41
2025-08-22 09:34:00,14.29
2025-08-22 09:35:00,14.26
2025-08-22 09:36:00,14.24
2025-08-22 09:37:00,14.23
2025-08-22 09:38:00,14.17
2025-08-22 09:39:00,14.15
2025-08-22 09:40:00,14.17
2025-08-22 09:41:00,14.23
2025-08-22 09:42:00,14.25
2025-08-22 09:43:00,14.22
2025-08-22 09:44:00,14.22
2025-08-22 09:45:00,14.21
2025-08-22 09:46:00,14.2
2025-08-22 09:47:00,14.19
2025-08-22 09:48:00,14.24
2025-08-22 09:49:00,14.17
2025-08-22 09:50:00,14.22
2025-08-22 09:51:00,14.2
2025-08-22 09:52:00,14.21
2025-08-22 09:53:00,14.24
2025-08-22 09:54:00,14.22
2025-08-22 09:55:00,14.2
2025-08-22 09:56:00,14.12
2025-08-22 09:57:00,14.09
2025-08-22 09:58:00,14.08
2025-08-22 09:59:00,14.08
2025-08-22 10:00:00,14.12
2025-08-22 10:01:00,14.17
2025-08-22 10:02:00,14.13
2025-08-22 10:03:00,14.15
2025-08-22 10:04:00,14.12
2025-08-22 10:05:00,14.18
2025-08-22 10:06:00,14.21
2025-08-22 10:07:00,14.22
2025-08-22 10:08:00,14.22
2025-08-22 10:09:00,14.19
2025-08-22 10:10:00,14.12
2025-08-22 10:11:00,14.1
2025-08-22 10:12:00,14.05
2025-08-22 10:13:00,13.98
2025-08-22 10:14:00,13.96
2025-08-22 10:15:00,13.99
2025-08-22 10:16:00,14.02
2025-08-22 10:17:00,14.05
2025-08-22 10:18:00,13.99
2025-08-22 10:19:00,14.01
2025-08-22 10:20:00,14.02
2025-08-22 10:21:00,14.05
2025-08-22 10:22:00,14.01
2025-08-22 10:23:00,13.95
2025-08-22 10:24:00,13.99
2025-08-22 10:25:00,14.01
2025-08-22 10:26:00,14.03
2025-08-22 10:27:00,14.07
2025-08-22 10:28:00,14.04
2025-08-22 10:29:00,14.04
2025-08-22 10:30:00,14.07
2025-08-22 10:31:00,14.06
2025-08-22 10:32:00,14.07
2025-08-22 10:33:00,14.11
2025-08-22 10:34:00,14.2
2025-08-22 10:35:00,14.22
2025-08-22 10:36:00,14.27
2025-08-22 10:37:00,14.29
2025-08-22 10:38:00,14.33
2025-08-22 10:39:00,14.36
2025-08-22 10:40:00,14.32
2025-08-22 10:41:00,14.27
2025-08-22 10:42:00,14.25
2025-08-22 10:43:00,14.26
2025-08-22 10:44:00,14.33
2025-08-22 10:45:00,14.39
2025-08-22 10:46:00,14.36
2025-08-22 10:47:00,14.45
2025-08-22 10:48:00,14.43
2025-08-22 10:49:00,14.4
2025-08-22 10:50:00,14.33
2025-08-22 10:51:00,14.32
2025-08-22 10:52:00,14.32
2025-08-22 10:53:00,14.35
2025-08-22 10:54:00,14.3
2025-08-22 10:55:00,14.27
2025-08-22 10:56:00,14.3
2025-08-22 10:57:00,14.29
2025-08-22 10:58:00,14.25
2025-08-22 10:59:00,14.24
2025-08-22 11:00:00,14.26
2025-08-22 11:01:00,14.2
2025-08-22 11:02:00,14.19
2025-08-22 11:03:00,14.17
2025-08-22 11:04:00,14.16
2025-08-22 11:05:00,14.2
2025-08-22 11:06:00,14.18
2025-08-22 11:07:00,14.18
2025-08-22 11:08:00,14.18
2025-08-22 11:09:00,14.14
2025-08-22 11:10:00,14.15
2025-08-22 11:11:00,14.12
2025-08-22 11:12:00,14.1
2025-08-22 11:13:00,14.09
2025-08-22 11:14:00,14.1
2025-08-22 11:15:00,14.08
2025-08-22 11:16:00,14.1
2025-08-22 11:17:00,14.08
2025-08-22 11:18:00,14.1
2025-08-22 11:19:00,14.04
2025-08-22 11:20:00,14.02
2025-08-22 11:21:00,14.03
2025-08-22 11:22:00,13.93
2025-08-22 11:23:00,13.86
2025-08-22 11:24:00,13.83
2025-08-22 11:25:00,13.77
2025-08-22 11:26:00,13.81
2025-08-22 11:27:00,13.74
2025-08-22 11:28:00,13.66
2025-08-22 11:29:00,13.65
2025-08-22 11:30:00,13.67
2025-08-22 11:31:00,13.64
2025-08-22 11:32:00,13.65
2025-08-22 11:33:00,13.66
2025-08-22 11:34:00,13.65
2025-08-22 11:35:00,13.68
2025-08-22 11:36:00,13.69
2025-08-22 11:37:00,13.72
2025-08-22 11:38:00,13.74
2025-08-22 11:39:00,13.71
2025-08-22 11:40:00,13.72
2025-08-22 11:41:00,13.78
2025-08-22 11:42:00,13.88
2025-08-22 11:43:00,13.83
2025-08-22 11:44:00,13.81
2025-08-22 11:45:00,13.76
2025-08-22 11:46:00,13.77
2025-08-22 11:47:00,13.69
2025-08-22 11:48:00,13.66
2025-08-22 11:49:00,13.66
2025-08-22 11:50:00,13.64
2025-08-22 11:51:00,13.67
2025-08-22 11:52:00,13.63
2025-08-22 11:53:00,13.6
2025-08-22 11:54:00,13.59
2025-08-22 11:55:00,13.55
2025-08-22 11:56:00,13.58
2025-08-22 11:57:00,13.62
2025-08-22 11:58:00,13.56
2025-08-22 11:59:00,13.52
2025-08-22 12:00:00,13.58
2025-08-22 12:01:00,13.59
2025-08-22 12:02:00,13.59
2025-08-22 12:03:00,13.58
2025-08-22 12:04:00,13.65
2025-08-22 12:05:00,13.59
2025-08-22 12:06:00,13.59
2025-08-22 12:07:00,13.63
2025-08-22 12:08:00,13.56
2025-08-22 12:09:00,13.63
2025-08-22 12:10:00,13.65
2025-08-22 12:11:00,13.67
2025-08-22 12:12:00,13.65
2025-08-22 12:13:00,13.69
2025-08-22 12:14:00,13.72
2025-08-22 12:15:00,13.78
2025-08-22 12:16:00,13.74
2025-08-22 12:17:00,13.77
2025-08-22 12:18:00,13.75
2025-08-22 12:19:00,13.74
2025-08-22 12:20:00,13.74
2025-08-22 12:21:00,13.78
2025-08-22 12:22:00,13.82
2025-08-22 12:23:00,13.72
2025-08-22 12:24:00,13.76
2025-08-22 12:25:00,13.72
2025-08-22 12:26:00,13.7
2025-08-22 12:27:00,13.63
2025-08-22 12:28:00,13.68
2025-08-22 12:29:00,13.67
2025-08-22 12:30:00,13.67
2025-08-22 12:31:00,13.7
2025-08-22 12:32:00,13.73
2025-08-22 12:33:00,13.71
2025-08-22 12:34:00,13.75
2025-08-22 12:35:00,13.76
2025-08-22 12:36:00,13.8
2025-08-22 12:37:00,13.86
2025-08-22 12:38:00,13.92
2025-08-22 12:39:00,13.94
2025-08-22 12:40:00,13.96
2025-08-22 12:41:00,13.98
2025-08-22 12:42:00,13.99
2025-08-22 12:43:00,14.02
2025-08-22 12:44:00,13.97
2025-08-22 12:45:00,13.97
2025-08-22 12:46:00,13.94
2025-08-22 12:47:00,13.9
2025-08-22 12:48:00,13.91
2025-08-22 12:49:00,13.91
2025-08-22 12:50:00,13.93
2025-08-22 12:51:00,13.92
2025-08-22 12:52:00,13.93
2025-08-22 12:53:00,13.92
2025-08-22 12:54:00,13.93
2025-08-22 12:55:00,13.95
2025-08-22 12:56:00,13.97
2025-08-22 12:57:00,13.95
2025-08-22 12:58:00,13.94
2025-08-22 12:59:00,13.97
2025-08-22 13:00:00,13.95
2025-08-22 13:01:00,13.93
2025-08-22 13:02:00,13.88
2025-08-22 13:03:00,13.86
2025-08-22 13:04:00,13.81
2025-08-22 13:05:00,13.83
2025-08-22 13:06:00,13.83
2025-08-22 13:07:00,13.79
2025-08-22 13:08:00,13.71
2025-08-22 13:09:00,13.71
2025-08-22 13:10:00,13.71
2025-08-22 13:11:00,13.72
2025-08-22 13:12:00,13.74
2025-08-22 13:13:00,13.71
2025-08-22 13:14:00,13.69
2025-08-22 13:15:00,13.63
2025-08-22 13:16:00,13.52
2025-08-22 13:17:00,13.53
2025-08-22 13:18:00,13.59
2025-08-22 13:19:00,13.62
2025-08-22 13:20:00,13.73
2025-08-22 13:21:00,13.78
2025-08-22 13:22:00,13.73
2025-08-22 13:23:00,13.77
2025-08-22 13:24:00,13.77
2025-08-22 13:25:00,13.87
2025-08-22 13:26:00,13.82
2025-08-22 13:27:00,13.81
2025-08-22 13:28:00,13.79
2025-08-22 13:29:00,13.72
2025-08-22 13:30:00,13.7
2025-08-22 13:31:00,13.69
2025-08-22 13:32:00,13.66
2025-08-22 13:33:00,13.63
2025-08-22 13:34:00,13.58
2025-08-22 13:35:00,13.65
2025-08-22 13:36:00,13.64
2025-08-22 13:37:00,13.67
2025-08-22 13:38:00,13.61
2025-08-22 13:39:00,13.57
2025-08-22 13:40:00,13.63
2025-08-22 13:41:00,13.61
2025-08-22 13:42:00,13.68
2025-08-22 13:43:00,13.71
2025-08-22 13:44:00,13.77
2025-08-22 13:45:00,13.7
2025-08-22 13:46:00,13.63
2025-08-22 13:47:00,13.67
2025-08-22 13:48:00,13.69
2025-08-22 13:49:00,13.59
2025-08-22 13:50:00,13.57
2025-08-22 13:51:00,13.6
2025-08-22 13:52:00,13.64
2025-08-22 13:53:00,13.67
2025-08-22 13:54:00,13.69
2025-08-22 13:55:00,13.64
2025-08-22 13:56:00,13.69
2025-08-22 13:57:00,13.7
2025-08-22 13:58:00,13.71
2025-08-22 13:59:00,13.72
2025-08-22 14:00:00,13.74
2025-08-22 14:01:00,13.76
2025-08-22 14:02:00,13.75
2025-08-22 14:03:00,13.84
2025-08-22 14:04:00,13.96
2025-08-22 14:05:00,13.94
2025-08-22 14:06:00,13.95
2025-08-22 14:07:00,14.03
2025-08-22 14:08:00,14.0
2025-08-22 14:09:00,13.96
2025-08-22 14:10:00,13.94
2025-08-22 14:11:00,13.97
2025-08-22 14:12:00,13.92
2025-08-22 14:13:00,13.95
2025-08-22 14:14:00,13.94
2025-08-22 14:15:00,13.91
2025-08-22 14:16:00,13.89
2025-08-22 14:17:00,13.94
2025-08-22 14:18:00,13.89
2025-08-22 14:19:00,13.93
2025-08-22 14:20:00,13.92
2025-08-22 14:21:00,13.93
2025-08-22 14:22:00,13.95
2025-08-22 14:23:00,13.94
2025-08-22 14:24:00,13.9
2025-08-22 14:25:00,13.96
2025-08-22 14:26:00,13.95
2025-08-22 14:27:00,13.92
2025-08-22 14:28:00,13.92
2025-08-22 14:29:00,13.93
2025-08-22 14:30:00,13.92
2025-08-22 14:31:00,13.84
2025-08-22 14:32:00,13.87
2025-08-22 14:33:00,13.95
2025-08-22 14:34:00,13.96
2025-08-22 14:35:00,14.02
2025-08-22 14:36:00,14.0
2025-08-22 14:37:00,14.01
2025-08-22 14:38:00,14.01
2025-08-22 14:39:00,14.02
2025-08-22 14:40:00,14.07
2025-08-22 14:41:00,14.1
2025-08-22 14:42:00,14.14
2025-08-22 14:43:00,14.08
2025-08-22 14:44:00,14.04
2025-08-22 14:45:00,14.09
2025-08-22 14:46:00,14.13
2025-08-22 14:47:00,14.14
2025-08-22 14:48:00,14.12
2025-08-22 14:49:00,14.09
2025-08-22 14:50:00,14.06
2025-08-22 14:51:00,14.03
2025-08-22 14:52:00,14.02
2025-08-22 14:53:00,14.02
2025-08-22 14:54:00,14.14
2025-08-22 14:55:00,14.2
2025-08-22 14:56:00,14.17
2025-08-22 14:57:00,14.24
2025-08-22 14:58:00,14.26
2025-08-22 14:59:00,14.32
2025-08-22 15:00:00,14.33
2025-08-22 15:01:00,14.36
2025-08-22 15:02:00,14.34
2025-08-22 15:03:00,14.38
2025-08-22 15:04:00,14.4
2025-08-22 15:05:00,14.4
2025-08-22 15:06:00,14.42
2025-08-22 15:07:00,14.47
2025-08-22 15:08:00,14.51
2025-08-22 15:09:00,14.54
2025-08-22 15:10:00,14.53
2025-08-22 15:11:00,14.56
2025-08-22 15:12:00,14.6
2025-08-22 15:13:00,14.61
2025-08-22 15:14:00,14.59
2025-08-22 15:15:00,14.57
2025-08-22 15:16:00,14.52
2025-08-22 15:17:00,14.5
2025-08-22 15:18:00,14.52
2025-08-22 15:19:00,14.53
2025-08-22 15:20:00,14.58
2025-08-22 15:21:00,14.54
2025-08-22 15:22:00,14.53
2025-08-22 15:23:00,14.54
2025-08-22 15:24:00,14.56
2025-08-22 15:25:00,14.61
2025-08-22 15:26:00,14.69
2025-08-22 15:27:00,14.67
2025-08-22 15:28:00,14.7
2025-08-22 15:29:00,14.69
2025-08-25 09:15:00,14.44
2025-08-25 09:16:00,14.46
2025-08-25 09:17:00,14.5
2025-08-25 09:18:00,14.49
2025-08-25 09:19:00,14.52
2025-08-25 09:20:00,14.53
2025-08-25 09:21:00,14.54
2025-08-25 09:22:00,14.51
2025-08-25 09:23:00,14.5
2025-08-25 09:24:00,14.5
2025-08-25 09:25:00,14.52
2025-08-25 09:26:00,14.57
2025-08-25 09:27:00,14.59
2025-08-25 09:28:00,14.61
2025-08-25 09:29:00,14.57
2025-08-25 09:30:00,14.55
2025-08-25 09:31:00,14.51
2025-08-25 09:32:00,14.44
2025-08-25 09:33:00,14.4
2025-08-25 09:34:00,14.44
2025-08-25 09:35:00,14.41
2025-08-25 09:36:00,14.45
2025-08-25 09:37:00,14.48
2025-08-25 09:38:00,14.49
2025-08-25 09:39:00,14.46
2025-08-25 09:40:00,14.49
2025-08-25 09:41:00,14.39
2025-08-25 09:42:00,14.4
2025-08-25 09:43:00,14.47
2025-08-25 09:44:00,14.44
2025-08-25 09:45:00,14.49
2025-08-25 09:46:00,14.49
2025-08-25 09:47:00,14.47
2025-08-25 09:48:00,14.51
2025-08-25 09:49:00,14.49
2025-08-25 09:50:00,14.48
2025-08-25 09:51:00,14.57
2025-08-25 09:52:00,14.55
2025-08-25 09:53:00,14.59
2025-08-25 09:54:00,14.59
2025-08-25 09:55:00,14.53
2025-08-25 09:56:00,14.52
2025-08-25 09:57:00,14.53
2025-08-25 09:58:00,14.59
2025-08-25 09:59:00,14.54
2025-08-25 10:00:00,14.56
2025-08-25 10:01:00,14.61
2025-08-25 10:02:00,14.63
2025-08-25 10:03:00,14.59
2025-08-25 10:04:00,14.52
2025-08-25 10:05:00,14.53
2025-08-25 10:06:00,14.6
2025-08-25 10:07:00,14.57
2025-08-25 10:08:00,14.61
2025-08-25 10:09:00,14.6
2025-08-25 10:10:00,14.62
2025-08-25 10:11:00,14.65
2025-08-25 10:12:00,14.64
2025-08-25 10:13:00,14.59
2025-08-25 10:14:00,14.54
2025-08-25 10:15:00,14.48
2025-08-25 10:16:00,14.39
2025-08-25 10:17:00,14.46
2025-08-25 10:18:00,14.52
2025-08-25 10:19:00,14.47
2025-08-25 10:20:00,14.49
2025-08-25 10:21:00,14.51
2025-08-25 10:22:00,14.53
2025-08-25 10:23:00,14.52
2025-08-25 10:24:00,14.56
2025-08-25 10:25:00,14.54
2025-08-25 10:26:00,14.57
2025-08-25 10:27:00,14.63
2025-08-25 10:28:00,14.62
2025-08-25 10:29:00,14.56
2025-08-25 10:30:00,14.65
2025-08-25 10:31:00,14.67
2025-08-25 10:32:00,14.69
2025-08-25 10:33:00,14.69
2025-08-25 10:34:00,14.68
2025-08-25 10:35:00,14.71
2025-08-25 10:36:00,14.67
2025-08-25 10:37:00,14.64
2025-08-25 10:38:00,14.67
2025-08-25 10:39:00,14.63
2025-08-25 10:40:00,14.62
2025-08-25 10:41:00,14.64
2025-08-25 10:42:00,14.66
2025-08-25 10:43:00,14.68
2025-08-25 10:44:00,14.64
2025-08-25 10:45:00,14.56
2025-08-25 10:46:00,14.57
2025-08-25 10:47:00,14.55
2025-08-25 10:48:00,14.49
2025-08-25 10:49:00,14.51
2025-08-25 10:50:00,14.59
2025-08-25 10:51:00,14.65
2025-08-25 10:52:00,14.7
2025-08-25 10:53:00,14.64
2025-08-25 10:54:00,14.61
2025-08-25 10:55:00,14.65
2025-08-25 10:56:00,14.68
2025-08-25 10:57:00,14.63
2025-08-25 10:58:00,14.64
2025-08-25 10:59:00,14.55
2025-08-25 11:00:00,14.45
2025-08-25 11:01:00,14.44
2025-08-25 11:02:00,14.45
2025-08-25 11:03:00,14.44
2025-08-25 11:04:00,14.41
2025-08-25 11:05:00,14.43
2025-08-25 11:06:00,14.38
2025-08-25 11:07:00,14.46
2025-08-25 11:08:00,14.4
2025-08-25 11:09:00,14.41
2025-08-25 11:10:00,14.37
2025-08-25 11:11:00,14.37
2025-08-25 11:12:00,14.37
2025-08-25 11:13:00,14.37
2025-08-25 11:14:00,14.39
2025-08-25 11:15:00,14.36
2025-08-25 11:16:00,14.33
2025-08-25 11:17:00,14.4
2025-08-25 11:18:00,14.34
2025-08-25 11:19:00,14.33
2025-08-25 11:20:00,14.4
2025-08-25 11:21:00,14.3
2025-08-25 11:22:00,14.3
2025-08-25 11:23:00,14.29
2025-08-25 11:24:00,14.29
2025-08-25 11:25:00,14.24
2025-08-25 11:26:00,14.27
2025-08-25 11:27:00,14.3
2025-08-25 11:28:00,14.28
2025-08-25 11:29:00,14.36
2025-08-25 11:30:00,14.32
2025-08-25 11:31:00,14.32
2025-08-25 11:32:00,14.31
2025-08-25 11:33:00,14.34
2025-08-25 11:34:00,14.34
2025-08-25 11:35:00,14.34
2025-08-25 11:36:00,14.31
2025-08-25 11:37:00,14.38
2025-08-25 11:38:00,14.43
2025-08-25 11:39:00,14.46
2025-08-25 11:40:00,14.49
2025-08-25 11:41:00,14.5
2025-08-25 11:42:00,14.57
2025-08-25 11:43:00,14.54
2025-08-25 11:44:00,14.59
2025-08-25 11:45:00,14.62
2025-08-25 11:46:00,14.58
2025-08-25 11:47:00,14.53
2025-08-25 11:48:00,14.56
2025-08-25 11:49:00,14.58
2025-08-25 11:50:00,14.66
2025-08-25 11:51:00,14.67
2025-08-25 11:52:00,14.66
2025-08-25 11:53:00,14.69
2025-08-25 11:54:00,14.71
2025-08-25 11:55:00,14.68
2025-08-25 11:56:00,14.67
2025-08-25 11:57:00,14.64
2025-08-25 11:58:00,14.7
2025-08-25 11:59:00,14.73
2025-08-25 12:00:00,14.72
2025-08-25 12:01:00,14.75
2025-08-25 12:02:00,14.8
2025-08-25 12:03:00,14.77
2025-08-25 12:04:00,14.79
2025-08-25 12:05:00,14.78
2025-08-25 12:06:00,14.77
2025-08-25 12:07:00,14.77
2025-08-25 12:08:00,14.73
2025-08-25 12:09:00,14.74
2025-08-25 12:10:00,14.73
2025-08-25 12:11:00,14.73
2025-08-25 12:12:00,14.77
2025-08-25 12:13:00,14.78
2025-08-25 12:14:00,14.75
2025-08-25 12:15:00,14.8
2025-08-25 12:16:00,14.78
2025-08-25 12:17:00,14.81
2025-08-25 12:18:00,14.74
2025-08-25 12:19:00,14.72
2025-08-25 12:20:00,14.64
2025-08-25 12:21:00,14.65
2025-08-25 12:22:00,14.59
2025-08-25 12:23:00,14.62
2025-08-25 12:24:00,14.66
2025-08-25 12:25:00,14.65
2025-08-25 12:26:00,14.63
2025-08-25 12:27:00,14.63
2025-08-25 12:28:00,14.67
2025-08-25 12:29:00,14.7
2025-08-25 12:30:00,14.62
2025-08-25 12:31:00,14.6
2025-08-25 12:32:00,14.58
2025-08-25 12:33:00,14.64
2025-08-25 12:34:00,14.71
2025-08-25 12:35:00,14.72
2025-08-25 12:36:00,14.75
2025-08-25 12:37:00,14.71
2025-08-25 12:38:00,14.72
2025-08-25 12:39:00,14.65
2025-08-25 12:40:00,14.63
2025-08-25 12:41:00,14.62
2025-08-25 12:42:00,14.59
2025-08-25 12:43:00,14.54
2025-08-25 12:44:00,14.58
2025-08-25 12:45:00,14.62
2025-08-25 12:46:00,14.57
2025-08-25 12:47:00,14.54
2025-08-25 12:48:00,14.5
2025-08-25 12:49:00,14.55
2025-08-25 12:50:00,14.56
2025-08-25 12:51:00,14.52
2025-08-25 12:52:00,14.5
2025-08-25 12:53:00,14.49
2025-08-25 12:54:00,14.44
2025-08-25 12:55:00,14.41
2025-08-25 12:56:00,14.41
2025-08-25 12:57:00,14.42
2025-08-25 12:58:00,14.38
2025-08-25 12:59:00,14.39
2025-08-25 13:00:00,14.38
2025-08-25 13:01:00,14.41
2025-08-25 13:02:00,14.42
2025-08-25 13:03:00,14.42
2025-08-25 13:04:00,14.39
2025-08-25 13:05:00,14.37
2025-08-25 13:06:00,14.37
2025-08-25 13:07:00,14.31
2025-08-25 13:08:00,14.35
2025-08-25 13:09:00,14.35
2025-08-25 13:10:00,14.35
2025-08-25 13:11:00,14.35
2025-08-25 13:12:00,14.34
2025-08-25 13:13:00,14.34
2025-08-25 13:14:00,14.31
2025-08-25 13:15:00,14.35
2025-08-25 13:16:00,14.41
2025-08-25 13:17:00,14.41
2025-08-25 13:18:00,14.48
2025-08-25 13:19:00,14.44
2025-08-25 13:20:00,14.4
2025-08-25 13:21:00,14.39
2025-08-25 13:22:00,14.38
2025-08-25 13:23:00,14.37
2025-08-25 13:24:00,14.35
2025-08-25 13:25:00,14.4
2025-08-25 13:26:00,14.42
2025-08-25 13:27:00,14.38
2025-08-25 13:28:00,14.39
2025-08-25 13:29:00,14.41
2025-08-25 13:30:00,14.41
2025-08-25 13:31:00,14.43
2025-08-25 13:32:00,14.4
2025-08-25 13:33:00,14.4
2025-08-25 13:34:00,14.45
2025-08-25 13:35:00,14.37
2025-08-25 13:36:00,14.41
2025-08-25 13:37:00,14.43
2025-08-25 13:38:00,14.46
2025-08-25 13:39:00,14.52
2025-08-25 13:40:00,14.56
2025-08-25 13:41:00,14.48
2025-08-25 13:42:00,14.54
2025-08-25 13:43:00,14.54
2025-08-25 13:44:00,14.53
2025-08-25 13:45:00,14.56
2025-08-25 13:46:00,14.62
2025-08-25 13:47:00,14.72
2025-08-25 13:48:00,14.76
2025-08-25 13:49:00,14.83
2025-08-25 13:50:00,14.83
2025-08-25 13:51:00,14.8
2025-08-25 13:52:00,14.75
2025-08-25 13:53:00,14.78
2025-08-25 13:54:00,14.77
2025-08-25 13:55:00,14.79
2025-08-25 13:56:00,14.73
2025-08-25 13:57:00,14.81
2025-08-25 13:58:00,14.82
2025-08-25 13:59:00,14.78
2025-08-25 14:00:00,14.77
2025-08-25 14:01:00,14.78
2025-08-25 14:02:00,14.85
2025-08-25 14:03:00,14.88
2025-08-25 14:04:00,14.81
2025-08-25 14:05:00,14.83
2025-08-25 14:06:00,14.87
2025-08-25 14:07:00,14.87
2025-08-25 14:08:00,14.89
2025-08-25 14:09:00,14.78
2025-08-25 14:10:00,14.8
2025-08-25 14:11:00,14.85
2025-08-25 14:12:00,14.85
2025-08-25 14:13:00,14.91
2025-08-25 14:14:00,14.95
2025-08-25 14:15:00,14.9
2025-08-25 14:16:00,14.9
2025-08-25 14:17:00,14.87
2025-08-25 14:18:00,14.87
2025-08-25 14:19:00,14.86
2025-08-25 14:20:00,14.9
2025-08-25 14:21:00,14.9
2025-08-25 14:22:00,14.83
2025-08-25 14:23:00,14.84
2025-08-25 14:24:00,14.9
2025-08-25 14:25:00,14.87
2025-08-25 14:26:00,14.86
2025-08-25 14:27:00,14.82
2025-08-25 14:28:00,14.88
2025-08-25 14:29:00,14.92
2025-08-25 14:30:00,14.94
2025-08-25 14:31:00,14.93
2025-08-25 14:32:00,14.92
2025-08-25 14:33:00,14.96
2025-08-25 14:34:00,14.99
2025-08-25 14:35:00,15.03
2025-08-25 14:36:00,15.08
2025-08-25 14:37:00,15.14
2025-08-25 14:38:00,15.14
2025-08-25 14:39:00,15.05
2025-08-25 14:40:00,15.07
2025-08-25 14:41:00,15.08
2025-08-25 14:42:00,15.08
2025-08-25 14:43:00,15.03
2025-08-25 14:44:00,15.0
2025-08-25 14:45:00,15.01
2025-08-25 14:46:00,15.07
2025-08-25 14:47:00,15.13
2025-08-25 14:48:00,15.1
2025-08-25 14:49:00,15.08
2025-08-25 14:50:00,15.11
2025-08-25 14:51:00,15.16
2025-08-25 14:52:00,15.13
2025-08-25 14:53:00,15.1
2025-08-25 14:54:00,15.12
2025-08-25 14:55:00,15.14
2025-08-25 14:56:00,15.21
2025-08-25 14:57:00,15.23
2025-08-25 14:58:00,15.25
2025-08-25 14:59:00,15.3
2025-08-25 15:00:00,15.29
2025-08-25 15:01:00,15.29
2025-08-25 15:02:00,15.24
2025-08-25 15:03:00,15.22
2025-08-25 15:04:00,15.22
2025-08-25 15:05:00,15.23
2025-08-25 15:06:00,15.23
2025-08-25 15:07:00,15.21
2025-08-25 15:08:00,15.15
2025-08-25 15:09:00,15.15
2025-08-25 15:10:00,15.12
2025-08-25 15:11:00,15.11
2025-08-25 15:12:00,15.13
2025-08-25 15:13:00,15.11
2025-08-25 15:14:00,15.06
2025-08-25 15:15:00,15.07
2025-08-25 15:16:00,15.09
2025-08-25 15:17:00,15.07
2025-08-25 15:18:00,15.06
2025-08-25 15:19:00,15.05
2025-08-25 15:20:00,15.05
2025-08-25 15:21:00,15.11
2025-08-25 15:22:00,15.05
2025-08-25 15:23:00,15.05
2025-08-25 15:24:00,15.02
2025-08-25 15:25:00,14.98
2025-08-25 15:26:00,14.96
2025-08-25 15:27:00,14.93
2025-08-25 15:28:00,14.85
2025-08-25 15:29:00,14.85
2025-08-26 09:15:00,17.88
2025-08-26 09:16:00,17.87
2025-08-26 09:17:00,17.82
2025-08-26 09:18:00,17.82
2025-08-26 09:19:00,17.77
2025-08-26 09:20:00,17.82
2025-08-26 09:21:00,17.81
2025-08-26 09:22:00,17.81
2025-08-26 09:23:00,17.8
2025-08-26 09:24:00,17.76
2025-08-26 09:25:00,17.81
2025-08-26 09:26:00,17.86
2025-08-26 09:27:00,17.87
2025-08-26 09:28:00,17.91
2025-08-26 09:29:00,17.88
2025-08-26 09:30:00,17.91
2025-08-26 09:31:00,17.93
2025-08-26 09:32:00,17.93
2025-08-26 09:33:00,17.98
2025-08-26 09:34:00,17.9
2025-08-26 09:35:00,17.88
2025-08-26 09:36:00,17.86
2025-08-26 09:37:00,17.85
2025-08-26 09:38:00,17.85
2025-08-26 09:39:00,17.87
2025-08-26 09:40:00,17.85
2025-08-26 09:41:00,17.86
2025-08-26 09:42:00,17.91
2025-08-26 09:43:00,17.9
2025-08-26 09:44:00,17.9
2025-08-26 09:45:00,17.91
2025-08-26 09:46:00,17.92
2025-08-26 09:47:00,17.9
2025-08-26 09:48:00,17.93
2025-08-26 09:49:00,17.98
2025-08-26 09:50:00,18.03
2025-08-26 09:51:00,18.05
2025-08-26 09:52:00,18.0
2025-08-26 09:53:00,17.99
2025-08-26 09:54:00,18.06
2025-08-26 09:55:00,18.02
2025-08-26 09:56:00,18.05
2025-08-26 09:57:00,18.02
2025-08-26 09:58:00,17.98
2025-08-26 09:59:00,18.05
2025-08-26 10:00:00,18.08
2025-08-26 10:01:00,18.07
2025-08-26 10:02:00,18.15
2025-08-26 10:03:00,18.13
2025-08-26 10:04:00,18.14
2025-08-26 10:05:00,18.09
2025-08-26 10:06:00,18.13
2025-08-26 10:07:00,18.15
2025-08-26 10:08:00,18.16
2025-08-26 10:09:00,18.17
2025-08-26 10:10:00,18.29
2025-08-26 10:11:00,18.32
2025-08-26 10:12:00,18.35
2025-08-26 10:13:00,18.32
2025-08-26 10:14:00,18.28
2025-08-26 10:15:00,18.26
2025-08-26 10:16:00,18.32
2025-08-26 10:17:00,18.43
2025-08-26 10:18:00,18.35
2025-08-26 10:19:00,18.37
2025-08-26 10:20:00,18.47
2025-08-26 10:21:00,18.54
2025-08-26 10:22:00,18.52
2025-08-26 10:23:00,18.49
2025-08-26 10:24:00,18.46
2025-08-26 10:25:00,18.41
2025-08-26 10:26:00,18.34
2025-08-26 10:27:00,18.32
2025-08-26 10:28:00,18.28
2025-08-26 10:29:00,18.23
2025-08-26 10:30:00,18.28
2025-08-26 10:31:00,18.26
2025-08-26 10:32:00,18.25
2025-08-26 10:33:00,18.24
2025-08-26 10:34:00,18.22
2025-08-26 10:35:00,18.25
2025-08-26 10:36:00,18.27
2025-08-26 10:37:00,18.27
2025-08-26 10:38:00,18.25
2025-08-26 10:39:00,18.25
2025-08-26 10:40:00,18.24
2025-08-26 10:41:00,18.22
2025-08-26 10:42:00,18.27
2025-08-26 10:43:00,18.3
2025-08-26 10:44:00,18.27
2025-08-26 10:45:00,18.25
2025-08-26 10:46:00,18.27
2025-08-26 10:47:00,18.27
2025-08-26 10:48:00,18.23
2025-08-26 10:49:00,18.24
2025-08-26 10:50:00,18.2
2025-08-26 10:51:00,18.23
2025-08-26 10:52:00,18.19
2025-08-26 10:53:00,18.14
2025-08-26 10:54:00,18.09
2025-08-26 10:55:00,18.02
2025-08-26 10:56:00,18.01
2025-08-26 10:57:00,17.98
2025-08-26 10:58:00,17.99
2025-08-26 10:59:00,18.01
2025-08-26 11:00:00,17.98
2025-08-26 11:01:00,17.97
2025-08-26 11:02:00,18.03
2025-08-26 11:03:00,18.02
2025-08-26 11:04:00,17.99
2025-08-26 11:05:00,17.99
2025-08-26 11:06:00,17.97
2025-08-26 11:07:00,17.96
2025-08-26 11:08:00,18.03
2025-08-26 11:09:00,18.08
2025-08-26 11:10:00,18.15
2025-08-26 11:11:00,18.16
2025-08-26 11:12:00,18.18
2025-08-26 11:13:00,18.2
2025-08-26 11:14:00,18.21
2025-08-26 11:15:00,18.23
2025-08-26 11:16:00,18.29
2025-08-26 11:17:00,18.22
2025-08-26 11:18:00,18.19
2025-08-26 11:19:00,18.24
2025-08-26 11:20:00,18.26
2025-08-26 11:21:00,18.29
2025-08-26 11:22:00,18.27
2025-08-26 11:23:00,18.3
2025-08-26 11:24:00,18.32
2025-08-26 11:25:00,18.37
2025-08-26 11:26:00,18.41
2025-08-26 11:27:00,18.39
2025-08-26 11:28:00,18.35
2025-08-26 11:29:00,18.33
2025-08-26 11:30:00,18.35
2025-08-26 11:31:00,18.33
2025-08-26 11:32:00,18.34
2025-08-26 11:33:00,18.34
2025-08-26 11:34:00,18.37
2025-08-26 11:35:00,18.36
2025-08-26 11:36:00,18.39
2025-08-26 11:37:00,18.37
2025-08-26 11:38:00,18.34
2025-08-26 11:39:00,18.38
2025-08-26 11:40:00,18.39
2025-08-26 11:41:00,18.36
2025-08-26 11:42:00,18.32
2025-08-26 11:43:00,18.25
2025-08-26 11:44:00,18.23
2025-08-26 11:45:00,18.29
2025-08-26 11:46:00,18.27
2025-08-26 11:47:00,18.31
2025-08-26 11:48:00,18.28
2025-08-26 11:49:00,18.28
2025-08-26 11:50:00,18.3
2025-08-26 11:51:00,18.28
2025-08-26 11:52:00,18.28
2025-08-26 11:53:00,18.31
2025-08-26 11:54:00,18.24
2025-08-26 11:55:00,18.27
2025-08-26 11:56:00,18.21
2025-08-26 11:57:00,18.27
2025-08-26 11:58:00,18.28
2025-08-26 11:59:00,18.29
2025-08-26 12:00:00,18.28
2025-08-26 12:01:00,18.27
2025-08-26 12:02:00,18.28
2025-08-26 12:03:00,18.33
2025-08-26 12:04:00,18.32
2025-08-26 12:05:00,18.39
2025-08-26 12:06:00,18.36
2025-08-26 12:07:00,18.39
2025-08-26 12:08:00,18.4
2025-08-26 12:09:00,18.51
2025-08-26 12:10:00,18.51
2025-08-26 12:11:00,18.52
2025-08-26 12:12:00,18.5
2025-08-26 12:13:00,18.46
2025-08-26 12:14:00,18.52
2025-08-26 12:15:00,18.44
2025-08-26 12:16:00,18.44
2025-08-26 12:17:00,18.4
2025-08-26 12:18:00,18.4
2025-08-26 12:19:00,18.32
2025-08-26 12:20:00,18.33
2025-08-26 12:21:00,18.28
2025-08-26 12:22:00,18.29
2025-08-26 12:23:00,18.28
2025-08-26 12:24:00,18.27
2025-08-26 12:25:00,18.32
2025-08-26 12:26:00,18.37
2025-08-26 12:27:00,18.33
2025-08-26 12:28:00,18.34
2025-08-26 12:29:00,18.4
2025-08-26 12:30:00,18.37
2025-08-26 12:31:00,18.32
2025-08-26 12:32:00,18.3
2025-08-26 12:33:00,18.32
2025-08-26 12:34:00,18.28
2025-08-26 12:35:00,18.27
2025-08-26 12:36:00,18.23
2025-08-26 12:37:00,18.22
2025-08-26 12:38:00,18.22
2025-08-26 12:39:00,18.22
2025-08-26 12:40:00,18.24
2025-08-26 12:41:00,18.26
2025-08-26 12:42:00,18.28
2025-08-26 12:43:00,18.26
2025-08-26 12:44:00,18.28
2025-08-26 12:45:00,18.25
2025-08-26 12:46:00,18.3
2025-08-26 12:47:00,18.29
2025-08-26 12:48:00,18.23
2025-08-26 12:49:00,18.27
2025-08-26 12:50:00,18.31
2025-08-26 12:51:00,18.35
2025-08-26 12:52:00,18.39
2025-08-26 12:53:00,18.33
2025-08-26 12:54:00,18.3
2025-08-26 12:55:00,18.35
2025-08-26 12:56:00,18.26
2025-08-26 12:57:00,18.26
2025-08-26 12:58:00,18.31
2025-08-26 12:59:00,18.31
2025-08-26 13:00:00,18.33
2025-08-26 13:01:00,18.39
2025-08-26 13:02:00,18.38
2025-08-26 13:03:00,18.27
2025-08-26 13:04:00,18.3
2025-08-26 13:05:00,18.28
2025-08-26 13:06:00,18.27
2025-08-26 13:07:00,18.29
2025-08-26 13:08:00,18.36
2025-08-26 13:09:00,18.35
2025-08-26 13:10:00,18.31
2025-08-26 13:11:00,18.3
2025-08-26 13:12:00,18.33
2025-08-26 13:13:00,18.4
2025-08-26 13:14:00,18.35
2025-08-26 13:15:00,18.32
2025-08-26 13:16:00,18.3
2025-08-26 13:17:00,18.33
2025-08-26 13:18:00,18.45
2025-08-26 13:19:00,18.38
2025-08-26 13:20:00,18.37
2025-08-26 13:21:00,18.32
2025-08-26 13:22:00,18.33
2025-08-26 13:23:00,18.32
2025-08-26 13:24:00,18.34
2025-08-26 13:25:00,18.36
2025-08-26 13:26:00,18.36
2025-08-26 13:27:00,18.28
2025-08-26 13:28:00,18.24
2025-08-26 13:29:00,18.23
2025-08-26 13:30:00,18.2
2025-08-26 13:31:00,18.26
2025-08-26 13:32:00,18.26
2025-08-26 13:33:00,18.26
2025-08-26 13:34:00,18.33
2025-08-26 13:35:00,18.35
2025-08-26 13:36:00,18.38
2025-08-26 13:37:00,18.39
2025-08-26 13:38:00,18.38
2025-08-26 13:39:00,18.37
2025-08-26 13:40:00,18.4
2025-08-26 13:41:00,18.39
2025-08-26 13:42:00,18.39
2025-08-26 13:43:00,18.37
2025-08-26 13:44:00,18.35
2025-08-26 13:45:00,18.36
2025-08-26 13:46:00,18.43
2025-08-26 13:47:00,18.47
2025-08-26 13:48:00,18.46
2025-08-26 13:49:00,18.45
2025-08-26 13:50:00,18.42
2025-08-26 13:51:00,18.31
2025-08-26 13:52:00,18.28
2025-08-26 13:53:00,18.28
2025-08-26 13:54:00,18.18
2025-08-26 13:55:00,18.2
2025-08-26 13:56:00,18.23
2025-08-26 13:57:00,18.23
2025-08-26 13:58:00,18.17
2025-08-26 13:59:00,18.09
2025-08-26 14:00:00,18.06
2025-08-26 14:01:00,18.07
2025-08-26 14:02:00,18.01
2025-08-26 14:03:00,18.05
2025-08-26 14:04:00,18.02
2025-08-26 14:05:00,18.09
2025-08-26 14:06:00,18.1
2025-08-26 14:07:00,18.11
2025-08-26 14:08:00,18.18
2025-08-26 14:09:00,18.15
2025-08-26 14:10:00,18.17
2025-08-26 14:11:00,18.24
2025-08-26 14:12:00,18.22
2025-08-26 14:13:00,18.28
2025-08-26 14:14:00,18.19
2025-08-26 14:15:00,18.19
2025-08-26 14:16:00,18.17
2025-08-26 14:17:00,18.25
2025-08-26 14:18:00,18.28
2025-08-26 14:19:00,18.3
2025-08-26 14:20:00,18.3
2025-08-26 14:21:00,18.3
2025-08-26 14:22:00,18.31
2025-08-26 14:23:00,18.32
2025-08-26 14:24:00,18.32
2025-08-26 14:25:00,18.35
2025-08-26 14:26:00,18.4
2025-08-26 14:27:00,18.43
2025-08-26 14:28:00,18.41
2025-08-26 14:29:00,18.42
2025-08-26 14:30:00,18.43
2025-08-26 14:31:00,18.4
2025-08-26 14:32:00,18.39
2025-08-26 14:33:00,18.43
2025-08-26 14:34:00,18.47
2025-08-26 14:35:00,18.49
2025-08-26 14:36:00,18.49
2025-08-26 14:37:00,18.48
2025-08-26 14:38:00,18.49
2025-08-26 14:39:00,18.52
2025-08-26 14:40:00,18.51
2025-08-26 14:41:00,18.43
2025-08-26 14:42:00,18.54
2025-08-26 14:43:00,18.56
2025-08-26 14:44:00,18.56
2025-08-26 14:45:00,18.65
2025-08-26 14:46:00,18.66
2025-08-26 14:47:00,18.71
2025-08-26 14:48:00,18.76
2025-08-26 14:49:00,18.74
2025-08-26 14:50:00,18.73
2025-08-26 14:51:00,18.7
2025-08-26 14:52:00,18.67
2025-08-26 14:53:00,18.66
2025-08-26 14:54:00,18.63
2025-08-26 14:55:00,18.54
2025-08-26 14:56:00,18.54
2025-08-26 14:57:00,18.52
2025-08-26 14:58:00,18.57
2025-08-26 14:59:00,18.57
2025-08-26 15:00:00,18.56
2025-08-26 15:01:00,18.56
2025-08-26 15:02:00,18.58
2025-08-26 15:03:00,18.61
2025-08-26 15:04:00,18.56
2025-08-26 15:05:00,18.5
2025-08-26 15:06:00,18.52
2025-08-26 15:07:00,18.46
2025-08-26 15:08:00,18.42
2025-08-26 15:09:00,18.42
2025-08-26 15:10:00,18.42
2025-08-26 15:11:00,18.39
2025-08-26 15:12:00,18.45
2025-08-26 15:13:00,18.44
2025-08-26 15:14:00,18.5
2025-08-26 15:15:00,18.5
2025-08-26 15:16:00,18.38
2025-08-26 15:17:00,18.34
2025-08-26 15:18:00,18.32
2025-08-26 15:19:00,18.27
2025-08-26 15:20:00,18.23
2025-08-26 15:21:00,18.2
2025-08-26 15:22:00,18.27
2025-08-26 15:23:00,18.24
2025-08-26 15:24:00,18.23
2025-08-26 15:25:00,18.14
2025-08-26 15:26:00,18.1
2025-08-26 15:27:00,18.08
2025-08-26 15:28:00,18.12
2025-08-26 15:29:00,18.06
2025-08-27 09:15:00,16.09
2025-08-27 09:16:00,16.04
2025-08-27 09:17:00,16.09
2025-08-27 09:18:00,16.12
2025-08-27 09:19:00,16.06
2025-08-27 09:20:00,16.07
2025-08-27 09:21:00,16.06
2025-08-27 09:22:00,16.02
2025-08-27 09:23:00,16.02
2025-08-27 09:24:00,16.0
2025-08-27 09:25:00,16.05
2025-08-27 09:26:00,16.02
2025-08-27 09:27:00,16.0
2025-08-27 09:28:00,16.02
2025-08-27 09:29:00,16.02
2025-08-27 09:30:00,16.02
2025-08-27 09:31:00,16.08
2025-08-27 09:32:00,16.07
2025-08-27 09:33:00,16.03
2025-08-27 09:34:00,15.99
2025-08-27 09:35:00,15.96
2025-08-27 09:36:00,15.92
2025-08-27 09:37:00,15.89
2025-08-27 09:38:00,15.91
2025-08-27 09:39:00,15.87
2025-08-27 09:40:00,15.81
2025-08-27 09:41:00,15.84
2025-08-27 09:42:00,15.83
2025-08-27 09:43:00,15.81
2025-08-27 09:44:00,15.81
2025-08-27 09:45:00,15.85
2025-08-27 09:46:00,15.91
2025-08-27 09:47:00,15.91
2025-08-27 09:48:00,15.94
2025-08-27 09:49:00,15.96
2025-08-27 09:50:00,15.95
2025-08-27 09:51:00,15.92
2025-08-27 09:52:00,15.89
2025-08-27 09:53:00,15.88
2025-08-27 09:54:00,15.89
2025-08-27 09:55:00,15.93
2025-08-27 09:56:00,15.96
2025-08-27 09:57:00,16.04
2025-08-27 09:58:00,16.06
2025-08-27 09:59:00,15.99
2025-08-27 10:00:00,16.03
2025-08-27 10:01:00,15.98
2025-08-27 10:02:00,16.02
2025-08-27 10:03:00,16.01
2025-08-27 10:04:00,15.98
2025-08-27 10:05:00,15.97
2025-08-27 10:06:00,15.88
2025-08-27 10:07:00,15.87
2025-08-27 10:08:00,15.87
2025-08-27 10:09:00,15.87
2025-08-27 10:10:00,15.82
2025-08-27 10:11:00,15.9
2025-08-27 10:12:00,15.88
2025-08-27 10:13:00,15.89
2025-08-27 10:14:00,15.9
2025-08-27 10:15:00,15.9
2025-08-27 10:16:00,15.93
2025-08-27 10:17:00,15.94
2025-08-27 10:18:00,15.96
2025-08-27 10:19:00,15.93
2025-08-27 10:20:00,15.95
2025-08-27 10:21:00,16.01
2025-08-27 10:22:00,16.06
2025-08-27 10:23:00,16.05
2025-08-27 10:24:00,16.03
2025-08-27 10:25:00,16.05
2025-08-27 10:26:00,16.03
2025-08-27 10:27:00,16.03
2025-08-27 10:28:00,16.06
2025-08-27 10:29:00,16.0
2025-08-27 10:30:00,16.01
2025-08-27 10:31:00,15.95
2025-08-27 10:32:00,15.94
2025-08-27 10:33:00,16.0
2025-08-27 10:34:00,16.07
2025-08-27 10:35:00,16.06
2025-08-27 10:36:00,16.07
2025-08-27 10:37:00,16.03
2025-08-27 10:38:00,16.09
2025-08-27 10:39:00,16.13
2025-08-27 10:40:00,16.19
2025-08-27 10:41:00,16.2
2025-08-27 10:42:00,16.18
2025-08-27 10:43:00,16.22
2025-08-27 10:44:00,16.2
2025-08-27 10:45:00,16.16
2025-08-27 10:46:00,16.17
2025-08-27 10:47:00,16.13
2025-08-27 10:48:00,16.11
2025-08-27 10:49:00,16.12
2025-08-27 10:50:00,16.15
2025-08-27 10:51:00,16.17
2025-08-27 10:52:00,16.13
2025-08-27 10:53:00,16.16
2025-08-27 10:54:00,16.11
2025-08-27 10:55:00,16.12
2025-08-27 10:56:00,16.07
2025-08-27 10:57:00,16.0
2025-08-27 10:58:00,15.99
2025-08-27 10:59:00,16.0
2025-08-27 11:00:00,15.99
2025-08-27 11:01:00,15.98
2025-08-27 11:02:00,15.96
2025-08-27 11:03:00,15.91
2025-08-27 11:04:00,15.91
2025-08-27 11:05:00,15.88
2025-08-27 11:06:00,15.82
2025-08-27 11:07:00,15.84
2025-08-27 11:08:00,15.89
2025-08-27 11:09:00,15.91
2025-08-27 11:10:00,15.89
2025-08-27 11:11:00,15.99
2025-08-27 11:12:00,15.91
2025-08-27 11:13:00,15.87
2025-08-27 11:14:00,15.86
2025-08-27 11:15:00,15.91
2025-08-27 11:16:00,15.88
2025-08-27 11:17:00,15.88
2025-08-27 11:18:00,15.87
2025-08-27 11:19:00,15.93
2025-08-27 11:20:00,15.89
2025-08-27 11:21:00,15.9
2025-08-27 11:22:00,15.85
2025-08-27 11:23:00,15.81
2025-08-27 11:24:00,15.76
2025-08-27 11:25:00,15.74
2025-08-27 11:26:00,15.7
2025-08-27 11:27:00,15.74
2025-08-27 11:28:00,15.69
2025-08-27 11:29:00,15.69
2025-08-27 11:30:00,15.68
2025-08-27 11:31:00,15.7
2025-08-27 11:32:00,15.75
2025-08-27 11:33:00,15.74
2025-08-27 11:34:00,15.77
2025-08-27 11:35:00,15.83
2025-08-27 11:36:00,15.87
2025-08-27 11:37:00,15.84
2025-08-27 11:38:00,15.8
2025-08-27 11:39:00,15.85
2025-08-27 11:40:00,15.83
2025-08-27 11:41:00,15.85
2025-08-27 11:42:00,15.82
2025-08-27 11:43:00,15.86
2025-08-27 11:44:00,15.83
2025-08-27 11:45:00,15.78
2025-08-27 11:46:00,15.81
2025-08-27 11:47:00,15.7
2025-08-27 11:48:00,15.72
2025-08-27 11:49:00,15.7
2025-08-27 11:50:00,15.71
2025-08-27 11:51:00,15.68
2025-08-27 11:52:00,15.69
2025-08-27 11:53:00,15.67
2025-08-27 11:54:00,15.7
2025-08-27 11:55:00,15.68
2025-08-27 11:56:00,15.65
2025-08-27 11:57:00,15.63
2025-08-27 11:58:00,15.59
2025-08-27 11:59:00,15.6
2025-08-27 12:00:00,15.64
2025-08-27 12:01:00,15.63
2025-08-27 12:02:00,15.73
2025-08-27 12:03:00,15.65
2025-08-27 12:04:00,15.63
2025-08-27 12:05:00,15.57
2025-08-27 12:06:00,15.6
2025-08-27 12:07:00,15.56
2025-08-27 12:08:00,15.59
2025-08-27 12:09:00,15.53
2025-08-27 12:10:00,15.5
2025-08-27 12:11:00,15.52
2025-08-27 12:12:00,15.56
2025-08-27 12:13:00,15.55
2025-08-27 12:14:00,15.51
2025-08-27 12:15:00,15.51
2025-08-27 12:16:00,15.52
2025-08-27 12:17:00,15.58
2025-08-27 12:18:00,15.61
2025-08-27 12:19:00,15.66
2025-08-27 12:20:00,15.7
2025-08-27 12:21:00,15.75
2025-08-27 12:22:00,15.78
2025-08-27 12:23:00,15.81
2025-08-27 12:24:00,15.79
2025-08-27 12:25:00,15.76
2025-08-27 12:26:00,15.71
2025-08-27 12:27:00,15.71
2025-08-27 12:28:00,15.64
2025-08-27 12:29:00,15.59
2025-08-27 12:30:00,15.54
2025-08-27 12:31:00,15.6
2025-08-27 12:32:00,15.56
2025-08-27 12:33:00,15.59
2025-08-27 12:34:00,15.65
2025-08-27 12:35:00,15.68
2025-08-27 12:36:00,15.65
2025-08-27 12:37:00,15.6
2025-08-27 12:38:00,15.56
2025-08-27 12:39:00,15.57
2025-08-27 12:40:00,15.62
2025-08-27 12:41:00,15.64
2025-08-27 12:42:00,15.64
2025-08-27 12:43:00,15.65
2025-08-27 12:44:00,15.62
2025-08-27 12:45:00,15.7
2025-08-27 12:46:00,15.7
2025-08-27 12:47:00,15.7
2025-08-27 12:48:00,15.67
2025-08-27 12:49:00,15.72
2025-08-27 12:50:00,15.73
2025-08-27 12:51:00,15.82
2025-08-27 12:52:00,15.83
2025-08-27 12:53:00,15.78
2025-08-27 12:54:00,15.74
2025-08-27 12:55:00,15.75
2025-08-27 12:56:00,15.78
2025-08-27 12:57:00,15.78
2025-08-27 12:58:00,15.77
2025-08-27 12:59:00,15.82
2025-08-27 13:00:00,15.76
2025-08-27 13:01:00,15.73
2025-08-27 13:02:00,15.69
2025-08-27 13:03:00,15.66
2025-08-27 13:04:00,15.67
2025-08-27 13:05:00,15.63
2025-08-27 13:06:00,15.62
2025-08-27 13:07:00,15.58
2025-08-27 13:08:00,15.53
2025-08-27 13:09:00,15.55
2025-08-27 13:10:00,15.47
2025-08-27 13:11:00,15.48
2025-08-27 13:12:00,15.47
2025-08-27 13:13:00,15.5
2025-08-27 13:14:00,15.49
2025-08-27 13:15:00,15.44
2025-08-27 13:16:00,15.44
2025-08-27 13:17:00,15.43
2025-08-27 13:18:00,15.42
2025-08-27 13:19:00,15.44
2025-08-27 13:20:00,15.45
2025-08-27 13:21:00,15.44
2025-08-27 13:22:00,15.48
2025-08-27 13:23:00,15.5
2025-08-27 13:24:00,15.53
2025-08-27 13:25:00,15.45
2025-08-27 13:26:00,15.46
2025-08-27 13:27:00,15.55
2025-08-27 13:28:00,15.54
2025-08-27 13:29:00,15.59
2025-08-27 13:30:00,15.6
2025-08-27 13:31:00,15.61
2025-08-27 13:32:00,15.69
2025-08-27 13:33:00,15.69
2025-08-27 13:34:00,15.62
2025-08-27 13:35:00,15.58
2025-08-27 13:36:00,15.56
2025-08-27 13:37:00,15.53
2025-08-27 13:38:00,15.53
2025-08-27 13:39:00,15.6
2025-08-27 13:40:00,15.52
2025-08-27 13:41:00,15.53
2025-08-27 13:42:00,15.56
2025-08-27 13:43:00,15.53
2025-08-27 13:44:00,15.53
2025-08-27 13:45:00,15.53
2025-08-27 13:46:00,15.48
2025-08-27 13:47:00,15.48
2025-08-27 13:48:00,15.47
2025-08-27 13:49:00,15.48
2025-08-27 13:50:00,15.45
2025-08-27 13:51:00,15.46
2025-08-27 13:52:00,15.42
2025-08-27 13:53:00,15.47
2025-08-27 13:54:00,15.51
2025-08-27 13:55:00,15.45
2025-08-27 13:56:00,15.41
2025-08-27 13:57:00,15.41
2025-08-27 13:58:00,15.41
2025-08-27 13:59:00,15.41
2025-08-27 14:00:00,15.34
2025-08-27 14:01:00,15.38
2025-08-27 14:02:00,15.41
2025-08-27 14:03:00,15.37
2025-08-27 14:04:00,15.36
2025-08-27 14:05:00,15.3
2025-08-27 14:06:00,15.33
2025-08-27 14:07:00,15.27
2025-08-27 14:08:00,15.32
2025-08-27 14:09:00,15.34
2025-08-27 14:10:00,15.38
2025-08-27 14:11:00,15.43
2025-08-27 14:12:00,15.41
2025-08-27 14:13:00,15.36
2025-08-27 14:14:00,15.31
2025-08-27 14:15:00,15.35
2025-08-27 14:16:00,15.36
2025-08-27 14:17:00,15.4
2025-08-27 14:18:00,15.41
2025-08-27 14:19:00,15.33
2025-08-27 14:20:00,15.35
2025-08-27 14:21:00,15.4
2025-08-27 14:22:00,15.37
2025-08-27 14:23:00,15.36
2025-08-27 14:24:00,15.36
2025-08-27 14:25:00,15.37
2025-08-27 14:26:00,15.34
2025-08-27 14:27:00,15.4
2025-08-27 14:28:00,15.36
2025-08-27 14:29:00,15.3
2025-08-27 14:30:00,15.28
2025-08-27 14:31:00,15.33
2025-08-27 14:32:00,15.36
2025-08-27 14:33:00,15.36
2025-08-27 14:34:00,15.41
2025-08-27 14:35:00,15.41
2025-08-27 14:36:00,15.51
2025-08-27 14:37:00,15.49
2025-08-27 14:38:00,15.43
2025-08-27 14:39:00,15.45
2025-08-27 14:40:00,15.41
2025-08-27 14:41:00,15.37
2025-08-27 14:42:00,15.43
2025-08-27 14:43:00,15.41
2025-08-27 14:44:00,15.41
2025-08-27 14:45:00,15.35
2025-08-27 14:46:00,15.36
2025-08-27 14:47:00,15.28
2025-08-27 14:48:00,15.31
2025-08-27 14:49:00,15.34
2025-08-27 14:50:00,15.27
2025-08-27 14:51:00,15.27
2025-08-27 14:52:00,15.24
2025-08-27 14:53:00,15.2
2025-08-27 14:54:00,15.24
2025-08-27 14:55:00,15.22
2025-08-27 14:56:00,15.27
2025-08-27 14:57:00,15.25
2025-08-27 14:58:00,15.24
2025-08-27 14:59:00,15.21
2025-08-27 15:00:00,15.2
2025-08-27 15:01:00,15.16
2025-08-27 15:02:00,15.14
2025-08-27 15:03:00,15.11
2025-08-27 15:04:00,15.11
2025-08-27 15:05:00,15.09
2025-08-27 15:06:00,15.08
2025-08-27 15:07:00,15.04
2025-08-27 15:08:00,15.04
2025-08-27 15:09:00,15.01
2025-08-27 15:10:00,15.03
2025-08-27 15:11:00,15.09
2025-08-27 15:12:00,15.08
2025-08-27 15:13:00,15.06
2025-08-27 15:14:00,15.1
2025-08-27 15:15:00,15.06
2025-08-27 15:16:00,15.07
2025-08-27 15:17:00,15.03
2025-08-27 15:18:00,15.02
2025-08-27 15:19:00,15.06
2025-08-27 15:20:00,15.04
2025-08-27 15:21:00,15.07
2025-08-27 15:22:00,15.11
2025-08-27 15:23:00,15.11
2025-08-27 15:24:00,15.11
2025-08-27 15:25:00,15.08
2025-08-27 15:26:00,15.14
2025-08-27 15:27:00,15.14
2025-08-27 15:28:00,15.19
2025-08-27 15:29:00,15.23
2025-08-28 09:15:00,15.42
2025-08-28 09:16:00,15.41
2025-08-28 09:17:00,15.4
2025-08-28 09:18:00,15.49
2025-08-28 09:19:00,15.43
2025-08-28 09:20:00,15.51
2025-08-28 09:21:00,15.49
2025-08-28 09:22:00,15.51
2025-08-28 09:23:00,15.52
2025-08-28 09:24:00,15.52
2025-08-28 09:25:00,15.46
2025-08-28 09:26:00,15.43
2025-08-28 09:27:00,15.4
2025-08-28 09:28:00,15.45
2025-08-28 09:29:00,15.48
2025-08-28 09:30:00,15.53
2025-08-28 09:31:00,15.55
2025-08-28 09:32:00,15.58
2025-08-28 09:33:00,15.63
2025-08-28 09:34:00,15.61
2025-08-28 09:35:00,15.59
2025-08-28 09:36:00,15.56
2025-08-28 09:37:00,15.6
2025-08-28 09:38:00,15.62
2025-08-28 09:39:00,15.63
2025-08-28 09:40:00,15.56
2025-08-28 09:41:00,15.54
2025-08-28 09:42:00,15.53
2025-08-28 09:43:00,15.55
2025-08-28 09:44:00,15.54
2025-08-28 09:45:00,15.58
2025-08-28 09:46:00,15.58
2025-08-28 09:47:00,15.57
2025-08-28 09:48:00,15.56
2025-08-28 09:49:00,15.56
2025-08-28 09:50:00,15.58
2025-08-28 09:51:00,15.55
2025-08-28 09:52:00,15.49
2025-08-28 09:53:00,15.49
2025-08-28 09:54:00,15.54
2025-08-28 09:55:00,15.5
2025-08-28 09:56:00,15.53
2025-08-28 09:57:00,15.55
2025-08-28 09:58:00,15.54
2025-08-28 09:59:00,15.57
2025-08-28 10:00:00,15.61
2025-08-28 10:01:00,15.61
2025-08-28 10:02:00,15.59
2025-08-28 10:03:00,15.62
2025-08-28 10:04:00,15.57
2025-08-28 10:05:00,15.6
2025-08-28 10:06:00,15.65
2025-08-28 10:07:00,15.64
2025-08-28 10:08:00,15.74
2025-08-28 10:09:00,15.77
2025-08-28 10:10:00,15.76
2025-08-28 10:11:00,15.8
2025-08-28 10:12:00,15.78
2025-08-28 10:13:00,15.86
2025-08-28 10:14:00,15.84
2025-08-28 10:15:00,15.8
2025-08-28 10:16:00,15.77
2025-08-28 10:17:00,15.75
2025-08-28 10:18:00,15.72
2025-08-28 10:19:00,15.71
2025-08-28 10:20:00,15.74
2025-08-28 10:21:00,15.71
2025-08-28 10:22:00,15.78
2025-08-28 10:23:00,15.78
2025-08-28 10:24:00,15.79
2025-08-28 10:25:00,15.74
2025-08-28 10:26:00,15.7
2025-08-28 10:27:00,15.71
2025-08-28 10:28:00,15.7
2025-08-28 10:29:00,15.62
2025-08-28 10:30:00,15.61
2025-08-28 10:31:00,15.64
2025-08-28 10:32:00,15.69
2025-08-28 10:33:00,15.67
2025-08-28 10:34:00,15.64
2025-08-28 10:35:00,15.62
2025-08-28 10:36:00,15.57
2025-08-28 10:37:00,15.56
2025-08-28 10:38:00,15.5
2025-08-28 10:39:00,15.53
2025-08-28 10:40:00,15.52
2025-08-28 10:41:00,15.51
2025-08-28 10:42:00,15.54
2025-08-28 10:43:00,15.52
2025-08-28 10:44:00,15.54
2025-08-28 10:45:00,15.52
2025-08-28 10:46:00,15.53
2025-08-28 10:47:00,15.5
2025-08-28 10:48:00,15.49
2025-08-28 10:49:00,15.52
2025-08-28 10:50:00,15.54
2025-08-28 10:51:00,15.56
2025-08-28 10:52:00,15.62
2025-08-28 10:53:00,15.61
2025-08-28 10:54:00,15.56
2025-08-28 10:55:00,15.62
2025-08-28 10:56:00,15.6
2025-08-28 10:57:00,15.63
2025-08-28 10:58:00,15.64
2025-08-28 10:59:00,15.59
2025-08-28 11:00:00,15.57
2025-08-28 11:01:00,15.54
2025-08-28 11:02:00,15.5
2025-08-28 11:03:00,15.52
2025-08-28 11:04:00,15.52
2025-08-28 11:05:00,15.5
2025-08-28 11:06:00,15.45
2025-08-28 11:07:00,15.51
2025-08-28 11:08:00,15.52
2025-08-28 11:09:00,15.53
2025-08-28 11:10:00,15.55
2025-08-28 11:11:00,15.5
2025-08-28 11:12:00,15.43
2025-08-28 11:13:00,15.42
2025-08-28 11:14:00,15.43
2025-08-28 11:15:00,15.41
2025-08-28 11:16:00,15.33
2025-08-28 11:17:00,15.33
2025-08-28 11:18:00,15.35
2025-08-28 11:19:00,15.29
2025-08-28 11:20:00,15.34
2025-08-28 11:21:00,15.3
2025-08-28 11:22:00,15.31
2025-08-28 11:23:00,15.35
2025-08-28 11:24:00,15.31
2025-08-28 11:25:00,15.27
2025-08-28 11:26:00,15.27
2025-08-28 11:27:00,15.35
2025-08-28 11:28:00,15.28
2025-08-28 11:29:00,15.28
2025-08-28 11:30:00,15.24
2025-08-28 11:31:00,15.27
2025-08-28 11:32:00,15.19
2025-08-28 11:33:00,15.27
2025-08-28 11:34:00,15.31
2025-08-28 11:35:00,15.27
2025-08-28 11:36:00,15.28
2025-08-28 11:37:00,15.26
2025-08-28 11:38:00,15.25
2025-08-28 11:39:00,15.27
2025-08-28 11:40:00,15.22
2025-08-28 11:41:00,15.26
2025-08-28 11:42:00,15.27
2025-08-28 11:43:00,15.22
2025-08-28 11:44:00,15.23
2025-08-28 11:45:00,15.23
2025-08-28 11:46:00,15.22
2025-08-28 11:47:00,15.23
2025-08-28 11:48:00,15.22
2025-08-28 11:49:00,15.26
2025-08-28 11:50:00,15.17
2025-08-28 11:51:00,15.15
2025-08-28 11:52:00,15.12
2025-08-28 11:53:00,15.09
2025-08-28 11:54:00,15.12
2025-08-28 11:55:00,15.1
2025-08-28 11:56:00,15.13
2025-08-28 11:57:00,15.15
2025-08-28 11:58:00,15.15
2025-08-28 11:59:00,15.13
2025-08-28 12:00:00,15.14
2025-08-28 12:01:00,15.15
2025-08-28 12:02:00,15.2
2025-08-28 12:03:00,15.2
2025-08-28 12:04:00,15.22
2025-08-28 12:05:00,15.22
2025-08-28 12:06:00,15.21
2025-08-28 12:07:00,15.27
2025-08-28 12:08:00,15.29
2025-08-28 12:09:00,15.27
2025-08-28 12:10:00,15.27
2025-08-28 12:11:00,15.3
2025-08-28 12:12:00,15.3
2025-08-28 12:13:00,15.28
2025-08-28 12:14:00,15.26
2025-08-28 12:15:00,15.3
2025-08-28 12:16:00,15.28
2025-08-28 12:17:00,15.31
2025-08-28 12:18:00,15.27
2025-08-28 12:19:00,15.25
2025-08-28 12:20:00,15.32
2025-08-28 12:21:00,15.32
2025-08-28 12:22:00,15.33
2025-08-28 12:23:00,15.24
2025-08-28 12:24:00,15.22
2025-08-28 12:25:00,15.24
2025-08-28 12:26:00,15.22
2025-08-28 12:27:00,15.22
2025-08-28 12:28:00,15.24
2025-08-28 12:29:00,15.23
2025-08-28 12:30:00,15.2
2025-08-28 12:31:00,15.2
2025-08-28 12:32:00,15.18
2025-08-28 12:33:00,15.09
2025-08-28 12:34:00,15.08
2025-08-28 12:35:00,15.01
2025-08-28 12:36:00,15.09
2025-08-28 12:37:00,15.05
2025-08-28 12:38:00,15.08
2025-08-28 12:39:00,15.15
2025-08-28 12:40:00,15.16
2025-08-28 12:41:00,15.09
2025-08-28 12:42:00,15.03
2025-08-28 12:43:00,15.03
2025-08-28 12:44:00,15.1
2025-08-28 12:45:00,15.09
2025-08-28 12:46:00,15.11
2025-08-28 12:47:00,15.15
2025-08-28 12:48:00,15.18
2025-08-28 12:49:00,15.16
2025-08-28 12:50:00,15.13
2025-08-28 12:51:00,15.16
2025-08-28 12:52:00,15.21
2025-08-28 12:53:00,15.23
2025-08-28 12:54:00,15.22
2025-08-28 12:55:00,15.19
2025-08-28 12:56:00,15.15
2025-08-28 12:57:00,15.09
2025-08-28 12:58:00,15.05
2025-08-28 12:59:00,15.05
2025-08-28 13:00:00,15.02
2025-08-28 13:01:00,15.0
2025-08-28 13:02:00,15.03
2025-08-28 13:03:00,14.99
2025-08-28 13:04:00,14.96
2025-08-28 13:05:00,14.99
2025-08-28 13:06:00,14.96
2025-08-28 13:07:00,15.0
2025-08-28 13:08:00,15.03
2025-08-28 13:09:00,14.99
2025-08-28 13:10:00,14.99
2025-08-28 13:11:00,14.98
2025-08-28 13:12:00,15.01
2025-08-28 13:13:00,14.99
2025-08-28 13:14:00,14.98
2025-08-28 13:15:00,14.97
2025-08-28 13:16:00,15.03
2025-08-28 13:17:00,15.02
2025-08-28 13:18:00,15.08
2025-08-28 13:19:00,15.06
2025-08-28 13:20:00,15.03
2025-08-28 13:21:00,15.12
2025-08-28 13:22:00,15.14
2025-08-28 13:23:00,15.16
2025-08-28 13:24:00,15.13
2025-08-28 13:25:00,15.14
2025-08-28 13:26:00,15.15
2025-08-28 13:27:00,15.19
2025-08-28 13:28:00,15.18
2025-08-28 13:29:00,15.19
2025-08-28 13:30:00,15.21
2025-08-28 13:31:00,15.17
2025-08-28 13:32:00,15.09
2025-08-28 13:33:00,15.08
2025-08-28 13:34:00,15.09
2025-08-28 13:35:00,15.11
2025-08-28 13:36:00,15.12
2025-08-28 13:37:00,15.13
2025-08-28 13:38:00,15.13
2025-08-28 13:39:00,15.09
2025-08-28 13:40:00,15.13
2025-08-28 13:41:00,15.14
2025-08-28 13:42:00,15.12
2025-08-28 13:43:00,15.02
2025-08-28 13:44:00,15.03
2025-08-28 13:45:00,15.02
2025-08-28 13:46:00,15.05
2025-08-28 13:47:00,15.02
2025-08-28 13:48:00,15.0
2025-08-28 13:49:00,15.04
2025-08-28 13:50:00,15.08
2025-08-28 13:51:00,15.04
2025-08-28 13:52:00,15.1
2025-08-28 13:53:00,15.18
2025-08-28 13:54:00,15.21
2025-08-28 13:55:00,15.25
2025-08-28 13:56:00,15.24
2025-08-28 13:57:00,15.23
2025-08-28 13:58:00,15.19
2025-08-28 13:59:00,15.2
2025-08-28 14:00:00,15.22
2025-08-28 14:01:00,15.22
2025-08-28 14:02:00,15.23
2025-08-28 14:03:00,15.21
2025-08-28 14:04:00,15.21
2025-08-28 14:05:00,15.19
2025-08-28 14:06:00,15.2
2025-08-28 14:07:00,15.23
2025-08-28 14:08:00,15.17
2025-08-28 14:09:00,15.13
2025-08-28 14:10:00,15.18
2025-08-28 14:11:00,15.24
2025-08-28 14:12:00,15.2
2025-08-28 14:13:00,15.2
2025-08-28 14:14:00,15.17
2025-08-28 14:15:00,15.24
2025-08-28 14:16:00,15.16
2025-08-28 14:17:00,15.15
2025-08-28 14:18:00,15.07
2025-08-28 14:19:00,15.03
2025-08-28 14:20:00,15.08
2025-08-28 14:21:00,15.1
2025-08-28 14:22:00,15.06
2025-08-28 14:23:00,15.12
2025-08-28 14:24:00,15.14
2025-08-28 14:25:00,15.05
2025-08-28 14:26:00,15.15
2025-08-28 14:27:00,15.16
2025-08-28 14:28:00,15.11
2025-08-28 14:29:00,15.04
2025-08-28 14:30:00,15.06
2025-08-28 14:31:00,15.05
2025-08-28 14:32:00,15.04
2025-08-28 14:33:00,15.01
2025-08-28 14:34:00,14.94
2025-08-28 14:35:00,14.97
2025-08-28 14:36:00,14.97
2025-08-28 14:37:00,15.01
2025-08-28 14:38:00,15.04
2025-08-28 14:39:00,15.12
2025-08-28 14:40:00,15.07
2025-08-28 14:41:00,15.08
2025-08-28 14:42:00,15.13
2025-08-28 14:43:00,15.08
2025-08-28 14:44:00,15.07
2025-08-28 14:45:00,15.05
2025-08-28 14:46:00,15.08
2025-08-28 14:47:00,15.07
2025-08-28 14:48:00,15.03
2025-08-28 14:49:00,14.99
2025-08-28 14:50:00,15.01
2025-08-28 14:51:00,15.05
2025-08-28 14:52:00,15.06
2025-08-28 14:53:00,15.1
2025-08-28 14:54:00,15.06
2025-08-28 14:55:00,15.07
2025-08-28 14:56:00,15.04
2025-08-28 14:57:00,15.05
2025-08-28 14:58:00,15.02
2025-08-28 14:59:00,15.04
2025-08-28 15:00:00,15.09
2025-08-28 15:01:00,15.02
2025-08-28 15:02:00,15.08
2025-08-28 15:03:00,15.0
2025-08-28 15:04:00,14.99
2025-08-28 15:05:00,14.91
2025-08-28 15:06:00,14.88
2025-08-28 15:07:00,14.88
2025-08-28 15:08:00,14.83
2025-08-28 15:09:00,14.82
2025-08-28 15:10:00,14.8
2025-08-28 15:11:00,14.78
2025-08-28 15:12:00,14.77
2025-08-28 15:13:00,14.75
2025-08-28 15:14:00,14.81
2025-08-28 15:15:00,14.75
2025-08-28 15:16:00,14.72
2025-08-28 15:17:00,14.72
2025-08-28 15:18:00,14.77
2025-08-28 15:19:00,14.76
2025-08-28 15:20:00,14.8
2025-08-28 15:21:00,14.81
2025-08-28 15:22:00,14.81
2025-08-28 15:23:00,14.8
2025-08-28 15:24:00,14.8
2025-08-28 15:25:00,14.88
2025-08-28 15:26:00,14.86
2025-08-28 15:27:00,14.8
2025-08-28 15:28:00,14.79
2025-08-28 15:29:00,14.8
2025-09-01 09:15:00,14.85
2025-09-01 09:16:00,14.87
2025-09-01 09:17:00,14.85
2025-09-01 09:18:00,14.83
2025-09-01 09:19:00,14.82
2025-09-01 09:20:00,14.85
2025-09-01 09:21:00,14.77
2025-09-01 09:22:00,14.79
2025-09-01 09:23:00,14.83
2025-09-01 09:24:00,14.81
2025-09-01 09:25:00,14.82
2025-09-01 09:26:00,14.91
2025-09-01 09:27:00,14.9
2025-09-01 09:28:00,14.91
2025-09-01 09:29:00,14.94
2025-09-01 09:30:00,14.89
2025-09-01 09:31:00,14.9
2025-09-01 09:32:00,14.9
2025-09-01 09:33:00,14.9
2025-09-01 09:34:00,14.93
2025-09-01 09:35:00,14.96
2025-09-01 09:36:00,14.92
2025-09-01 09:37:00,14.93
2025-09-01 09:38:00,14.97
2025-09-01 09:39:00,14.93
2025-09-01 09:40:00,14.98
2025-09-01 09:41:00,15.0
2025-09-01 09:42:00,15.0
2025-09-01 09:43:00,15.0
2025-09-01 09:44:00,14.98
2025-09-01 09:45:00,14.93
2025-09-01 09:46:00,14.87
2025-09-01 09:47:00,14.87
2025-09-01 09:48:00,14.87
2025-09-01 09:49:00,14.95
2025-09-01 09:50:00,14.9
2025-09-01 09:51:00,14.93
2025-09-01 09:52:00,14.99
2025-09-01 09:53:00,14.99
2025-09-01 09:54:00,14.98
2025-09-01 09:55:00,14.93
2025-09-01 09:56:00,14.94
2025-09-01 09:57:00,14.96
2025-09-01 09:58:00,14.88
2025-09-01 09:59:00,14.91
2025-09-01 10:00:00,14.85
2025-09-01 10:01:00,14.9
2025-09-01 10:02:00,14.91
2025-09-01 10:03:00,14.92
2025-09-01 10:04:00,14.9
2025-09-01 10:05:00,14.89
2025-09-01 10:06:00,14.88
2025-09-01 10:07:00,14.84
2025-09-01 10:08:00,14.82
2025-09-01 10:09:00,14.86
2025-09-01 10:10:00,14.88
2025-09-01 10:11:00,14.9
2025-09-01 10:12:00,14.9
2025-09-01 10:13:00,14.93
2025-09-01 10:14:00,14.91
2025-09-01 10:15:00,14.92
2025-09-01 10:16:00,14.98
2025-09-01 10:17:00,14.97
2025-09-01 10:18:00,14.91
2025-09-01 10:19:00,14.92
2025-09-01 10:20:00,14.95
2025-09-01 10:21:00,14.98
2025-09-01 10:22:00,14.96
2025-09-01 10:23:00,14.89
2025-09-01 10:24:00,14.8
2025-09-01 10:25:00,14.86
2025-09-01 10:26:00,14.84
2025-09-01 10:27:00,14.81
2025-09-01 10:28:00,14.84
2025-09-01 10:29:00,14.79
2025-09-01 10:30:00,14.78
2025-09-01 10:31:00,14.72
2025-09-01 10:32:00,14.71
2025-09-01 10:33:00,14.67
2025-09-01 10:34:00,14.65
2025-09-01 10:35:00,14.65
2025-09-01 10:36:00,14.65
2025-09-01 10:37:00,14.62
2025-09-01 10:38:00,14.64
2025-09-01 10:39:00,14.63
2025-09-01 10:40:00,14.62
2025-09-01 10:41:00,14.63
2025-09-01 10:42:00,14.68
2025-09-01 10:43:00,14.67
2025-09-01 10:44:00,14.7
2025-09-01 10:45:00,14.65
2025-09-01 10:46:00,14.67
2025-09-01 10:47:00,14.6
2025-09-01 10:48:00,14.62
2025-09-01 10:49:00,14.65
2025-09-01 10:50:00,14.58
2025-09-01 10:51:00,14.49
2025-09-01 10:52:00,14.46
2025-09-01 10:53:00,14.48
2025-09-01 10:54:00,14.47
2025-09-01 10:55:00,14.47
2025-09-01 10:56:00,14.53
2025-09-01 10:57:00,14.53
2025-09-01 10:58:00,14.51
2025-09-01 10:59:00,14.5
2025-09-01 11:00:00,14.55
2025-09-01 11:01:00,14.64
2025-09-01 11:02:00,14.73
2025-09-01 11:03:00,14.84
2025-09-01 11:04:00,14.76
2025-09-01 11:05:00,14.74
2025-09-01 11:06:00,14.73
2025-09-01 11:07:00,14.77
2025-09-01 11:08:00,14.82
2025-09-01 11:09:00,14.91
2025-09-01 11:10:00,14.88
2025-09-01 11:11:00,14.89
2025-09-01 11:12:00,14.89
2025-09-01 11:13:00,14.91
2025-09-01 11:14:00,14.9
2025-09-01 11:15:00,14.91
2025-09-01 11:16:00,14.88
2025-09-01 11:17:00,14.86
2025-09-01 11:18:00,14.82
2025-09-01 11:19:00,14.84
2025-09-01 11:20:00,14.86
2025-09-01 11:21:00,14.86
2025-09-01 11:22:00,14.82
2025-09-01 11:23:00,14.76
2025-09-01 11:24:00,14.77
2025-09-01 11:25:00,14.74
2025-09-01 11:26:00,14.78
2025-09-01 11:27:00,14.77
2025-09-01 11:28:00,14.75
2025-09-01 11:29:00,14.84
2025-09-01 11:30:00,14.85
2025-09-01 11:31:00,14.88
2025-09-01 11:32:00,14.85
2025-09-01 11:33:00,14.84
2025-09-01 11:34:00,14.82
2025-09-01 11:35:00,14.81
2025-09-01 11:36:00,14.81
2025-09-01 11:37:00,14.88
2025-09-01 11:38:00,14.86
2025-09-01 11:39:00,14.88
2025-09-01 11:40:00,14.85
2025-09-01 11:41:00,14.85
2025-09-01 11:42:00,14.89
2025-09-01 11:43:00,14.93
2025-09-01 11:44:00,14.93
2025-09-01 11:45:00,14.97
2025-09-01 11:46:00,14.95
2025-09-01 11:47:00,14.89
2025-09-01 11:48:00,14.85
2025-09-01 11:49:00,14.89
2025-09-01 11:50:00,14.96
2025-09-01 11:51:00,15.03
2025-09-01 11:52:00,15.03
2025-09-01 11:53:00,15.07
2025-09-01 11:54:00,15.06
2025-09-01 11:55:00,15.08
2025-09-01 11:56:00,15.09
2025-09-01 11:57:00,15.12
2025-09-01 11:58:00,15.22
2025-09-01 11:59:00,15.15
2025-09-01 12:00:00,15.11
2025-09-01 12:01:00,15.12
2025-09-01 12:02:00,15.12
2025-09-01 12:03:00,15.17
2025-09-01 12:04:00,15.14
2025-09-01 12:05:00,15.16
2025-09-01 12:06:00,15.19
2025-09-01 12:07:00,15.15
2025-09-01 12:08:00,15.15
2025-09-01 12:09:00,15.08
2025-09-01 12:10:00,15.1
2025-09-01 12:11:00,15.02
2025-09-01 12:12:00,15.02
2025-09-01 12:13:00,14.95
2025-09-01 12:14:00,15.02
2025-09-01 12:15:00,15.05
2025-09-01 12:16:00,15.04
2025-09-01 12:17:00,15.05
2025-09-01 12:18:00,15.03
2025-09-01 12:19:00,15.1
2025-09-01 12:20:00,15.12
2025-09-01 12:21:00,15.1
2025-09-01 12:22:00,15.09
2025-09-01 12:23:00,15.13
2025-09-01 12:24:00,15.14
2025-09-01 12:25:00,15.12
2025-09-01 12:26:00,15.11
2025-09-01 12:27:00,15.08
2025-09-01 12:28:00,15.06
2025-09-01 12:29:00,15.06
2025-09-01 12:30:00,15.13
2025-09-01 12:31:00,15.1
2025-09-01 12:32:00,15.13
2025-09-01 12:33:00,15.11
2025-09-01 12:34:00,15.06
2025-09-01 12:35:00,15.1
2025-09-01 12:36:00,15.09
2025-09-01 12:37:00,15.11
2025-09-01 12:38:00,15.17
2025-09-01 12:39:00,15.13
2025-09-01 12:40:00,15.1
2025-09-01 12:41:00,15.14
2025-09-01 12:42:00,15.14
2025-09-01 12:43:00,15.18
2025-09-01 12:44:00,15.22
2025-09-01 12:45:00,15.2
2025-09-01 12:46:00,15.21
2025-09-01 12:47:00,15.23
2025-09-01 12:48:00,15.24
2025-09-01 12:49:00,15.24
2025-09-01 12:50:00,15.16
2025-09-01 12:51:00,15.16
2025-09-01 12:52:00,15.19
2025-09-01 12:53:00,15.12
2025-09-01 12:54:00,15.13
2025-09-01 12:55:00,15.09
2025-09-01 12:56:00,15.14
2025-09-01 12:57:00,15.16
2025-09-01 12:58:00,15.21
2025-09-01 12:59:00,15.17
2025-09-01 13:00:00,15.14
2025-09-01 13:01:00,15.11
2025-09-01 13:02:00,15.12
2025-09-01 13:03:00,15.1
2025-09-01 13:04:00,15.1
2025-09-01 13:05:00,15.1
2025-09-01 13:06:00,15.12
2025-09-01 13:07:00,15.08
2025-09-01 13:08:00,15.12
2025-09-01 13:09:00,15.12
2025-09-01 13:10:00,15.07
2025-09-01 13:11:00,15.02
2025-09-01 13:12:00,15.0
2025-09-01 13:13:00,14.97
2025-09-01 13:14:00,14.97
2025-09-01 13:15:00,14.93
2025-09-01 13:16:00,14.9
2025-09-01 13:17:00,14.89
2025-09-01 13:18:00,14.9
2025-09-01 13:19:00,14.83
2025-09-01 13:20:00,14.87
2025-09-01 13:21:00,14.86
2025-09-01 13:22:00,14.87
2025-09-01 13:23:00,14.81
2025-09-01 13:24:00,14.86
2025-09-01 13:25:00,14.84
2025-09-01 13:26:00,14.81
2025-09-01 13:27:00,14.77
2025-09-01 13:28:00,14.75
2025-09-01 13:29:00,14.73
2025-09-01 13:30:00,14.73
2025-09-01 13:31:00,14.73
2025-09-01 13:32:00,14.75
2025-09-01 13:33:00,14.76
2025-09-01 13:34:00,14.71
2025-09-01 13:35:00,14.68
2025-09-01 13:36:00,14.72
2025-09-01 13:37:00,14.69
2025-09-01 13:38:00,14.65
2025-09-01 13:39:00,14.63
2025-09-01 13:40:00,14.58
2025-09-01 13:41:00,14.57
2025-09-01 13:42:00,14.57
2025-09-01 13:43:00,14.58
2025-09-01 13:44:00,14.55
2025-09-01 13:45:00,14.5
2025-09-01 13:46:00,14.49
2025-09-01 13:47:00,14.51
2025-09-01 13:48:00,14.47
2025-09-01 13:49:00,14.46
2025-09-01 13:50:00,14.43
2025-09-01 13:51:00,14.38
2025-09-01 13:52:00,14.34
2025-09-01 13:53:00,14.33
2025-09-01 13:54:00,14.34
2025-09-01 13:55:00,14.33
2025-09-01 13:56:00,14.34
2025-09-01 13:57:00,14.32
2025-09-01 13:58:00,14.28
2025-09-01 13:59:00,14.29
2025-09-01 14:00:00,14.3
2025-09-01 14:01:00,14.37
2025-09-01 14:02:00,14.46
2025-09-01 14:03:00,14.46
2025-09-01 14:04:00,14.47
2025-09-01 14:05:00,14.53
2025-09-01 14:06:00,14.53
2025-09-01 14:07:00,14.61
2025-09-01 14:08:00,14.6
2025-09-01 14:09:00,14.63
2025-09-01 14:10:00,14.61
2025-09-01 14:11:00,14.57
2025-09-01 14:12:00,14.55
2025-09-01 14:13:00,14.59
2025-09-01 14:14:00,14.57
2025-09-01 14:15:00,14.65
2025-09-01 14:16:00,14.63
2025-09-01 14:17:00,14.63
2025-09-01 14:18:00,14.65
2025-09-01 14:19:00,14.69
2025-09-01 14:20:00,14.71
2025-09-01 14:21:00,14.75
2025-09-01 14:22:00,14.72
2025-09-01 14:23:00,14.72
2025-09-01 14:24:00,14.71
2025-09-01 14:25:00,14.68
2025-09-01 14:26:00,14.69
2025-09-01 14:27:00,14.72
2025-09-01 14:28:00,14.7
2025-09-01 14:29:00,14.67
2025-09-01 14:30:00,14.62
2025-09-01 14:31:00,14.59
2025-09-01 14:32:00,14.52
2025-09-01 14:33:00,14.46
2025-09-01 14:34:00,14.48
2025-09-01 14:35:00,14.48
2025-09-01 14:36:00,14.49
2025-09-01 14:37:00,14.46
2025-09-01 14:38:00,14.44
2025-09-01 14:39:00,14.47
2025-09-01 14:40:00,14.5
2025-09-01 14:41:00,14.51
2025-09-01 14:42:00,14.51
2025-09-01 14:43:00,14.5
2025-09-01 14:44:00,14.5
2025-09-01 14:45:00,14.55
2025-09-01 14:46:00,14.51
2025-09-01 14:47:00,14.51
2025-09-01 14:48:00,14.46
2025-09-01 14:49:00,14.51
2025-09-01 14:50:00,14.51
2025-09-01 14:51:00,14.58
2025-09-01 14:52:00,14.6
2025-09-01 14:53:00,14.65
2025-09-01 14:54:00,14.66
2025-09-01 14:55:00,14.67
2025-09-01 14:56:00,14.63
2025-09-01 14:57:00,14.66
2025-09-01 14:58:00,14.64
2025-09-01 14:59:00,14.68
2025-09-01 15:00:00,14.74
2025-09-01 15:01:00,14.76
2025-09-01 15:02:00,14.79
2025-09-01 15:03:00,14.79
2025-09-01 15:04:00,14.79
2025-09-01 15:05:00,14.82
2025-09-01 15:06:00,14.82
2025-09-01 15:07:00,14.86
2025-09-01 15:08:00,14.88
2025-09-01 15:09:00,14.91
2025-09-01 15:10:00,14.86
2025-09-01 15:11:00,14.86
2025-09-01 15:12:00,14.91
2025-09-01 15:13:00,14.95
2025-09-01 15:14:00,14.92
2025-09-01 15:15:00,14.93
2025-09-01 15:16:00,14.9
2025-09-01 15:17:00,14.85
2025-09-01 15:18:00,14.84
2025-09-01 15:19:00,14.91
2025-09-01 15:20:00,14.89
2025-09-01 15:21:00,14.89
2025-09-01 15:22:00,14.9
2025-09-01 15:23:00,14.96
2025-09-01 15:24:00,14.96
2025-09-01 15:25:00,15.0
2025-09-01 15:26:00,15.03
2025-09-01 15:27:00,15.02
2025-09-01 15:28:00,15.04
2025-09-01 15:29:00,15.08
2025-09-02 09:15:00,14.65
2025-09-02 09:16:00,14.63
2025-09-02 09:17:00,14.66
2025-09-02 09:18:00,14.62
2025-09-02 09:19:00,14.64
2025-09-02 09:20:00,14.67
2025-09-02 09:21:00,14.66
2025-09-02 09:22:00,14.7
2025-09-02 09:23:00,14.71
2025-09-02 09:24:00,14.68
2025-09-02 09:25:00,14.61
2025-09-02 09:26:00,14.65
2025-09-02 09:27:00,14.65
2025-09-02 09:28:00,14.59
2025-09-02 09:29:00,14.54
2025-09-02 09:30:00,14.52
2025-09-02 09:31:00,14.56
2025-09-02 09:32:00,14.58
2025-09-02 09:33:00,14.57
2025-09-02 09:34:00,14.57
2025-09-02 09:35:00,14.59
2025-09-02 09:36:00,14.58
2025-09-02 09:37:00,14.55
2025-09-02 09:38:00,14.51
2025-09-02 09:39:00,14.53
2025-09-02 09:40:00,14.51
2025-09-02 09:41:00,14.55
2025-09-02 09:42:00,14.53
2025-09-02 09:43:00,14.56
2025-09-02 09:44:00,14.61
2025-09-02 09:45:00,14.67
2025-09-02 09:46:00,14.7
2025-09-02 09:47:00,14.65
2025-09-02 09:48:00,14.64
2025-09-02 09:49:00,14.65
2025-09-02 09:50:00,14.61
2025-09-02 09:51:00,14.55
2025-09-02 09:52:00,14.57
2025-09-02 09:53:00,14.52
2025-09-02 09:54:00,14.55
2025-09-02 09:55:00,14.51
2025-09-02 09:56:00,14.48
2025-09-02 09:57:00,14.54
2025-09-02 09:58:00,14.49
2025-09-02 09:59:00,14.52
2025-09-02 10:00:00,14.49
2025-09-02 10:01:00,14.5
2025-09-02 10:02:00,14.53
2025-09-02 10:03:00,14.52
2025-09-02 10:04:00,14.52
2025-09-02 10:05:00,14.45
2025-09-02 10:06:00,14.4
2025-09-02 10:07:00,14.41
2025-09-02 10:08:00,14.42
2025-09-02 10:09:00,14.43
2025-09-02 10:10:00,14.39
2025-09-02 10:11:00,14.34
2025-09-02 10:12:00,14.31
2025-09-02 10:13:00,14.16
2025-09-02 10:14:00,14.2
2025-09-02 10:15:00,14.18
2025-09-02 10:16:00,14.14
2025-09-02 10:17:00,14.16
2025-09-02 10:18:00,14.2
2025-09-02 10:19:00,14.21
2025-09-02 10:20:00,14.22
2025-09-02 10:21:00,14.27
2025-09-02 10:22:00,14.27
2025-09-02 10:23:00,14.2
2025-09-02 10:24:00,14.15
2025-09-02 10:25:00,14.15
2025-09-02 10:26:00,14.15
2025-09-02 10:27:00,14.14
2025-09-02 10:28:00,14.11
2025-09-02 10:29:00,14.06
2025-09-02 10:30:00,14.01
2025-09-02 10:31:00,14.06
2025-09-02 10:32:00,14.07
2025-09-02 10:33:00,14.08
2025-09-02 10:34:00,14.11
2025-09-02 10:35:00,14.17
2025-09-02 10:36:00,14.15
2025-09-02 10:37:00,14.16
2025-09-02 10:38:00,14.15
2025-09-02 10:39:00,14.09
2025-09-02 10:40:00,14.08
2025-09-02 10:41:00,14.08
2025-09-02 10:42:00,14.08
2025-09-02 10:43:00,14.05
2025-09-02 10:44:00,14.0
2025-09-02 10:45:00,14.06
2025-09-02 10:46:00,14.07
2025-09-02 10:47:00,14.06
2025-09-02 10:48:00,14.02
2025-09-02 10:49:00,14.05
2025-09-02 10:50:00,14.11
2025-09-02 10:51:00,14.09
2025-09-02 10:52:00,14.08
2025-09-02 10:53:00,14.1
2025-09-02 10:54:00,14.11
2025-09-02 10:55:00,14.1
2025-09-02 10:56:00,14.14
2025-09-02 10:57:00,14.14
2025-09-02 10:58:00,14.19
2025-09-02 10:59:00,14.18
2025-09-02 11:00:00,14.25
2025-09-02 11:01:00,14.33
2025-09-02 11:02:00,14.38
2025-09-02 11:03:00,14.38
2025-09-02 11:04:00,14.32
2025-09-02 11:05:00,14.33
2025-09-02 11:06:00,14.28
2025-09-02 11:07:00,14.22
2025-09-02 11:08:00,14.17
2025-09-02 11:09:00,14.13
2025-09-02 11:10:00,14.16
2025-09-02 11:11:00,14.16
2025-09-02 11:12:00,14.17
2025-09-02 11:13:00,14.23
2025-09-02 11:14:00,14.3
2025-09-02 11:15:00,14.37
2025-09-02 11:16:00,14.37
2025-09-02 11:17:00,14.33
2025-09-02 11:18:00,14.29
2025-09-02 11:19:00,14.25
2025-09-02 11:20:00,14.12
2025-09-02 11:21:00,14.14
2025-09-02 11:22:00,14.15
2025-09-02 11:23:00,14.15
2025-09-02 11:24:00,14.21
2025-09-02 11:25:00,14.19
2025-09-02 11:26:00,14.17
2025-09-02 11:27:00,14.21
2025-09-02 11:28:00,14.19
2025-09-02 11:29:00,14.27
2025-09-02 11:30:00,14.26
2025-09-02 11:31:00,14.18
2025-09-02 11:32:00,14.16
2025-09-02 11:33:00,14.17
2025-09-02 11:34:00,14.2
2025-09-02 11:35:00,14.14
2025-09-02 11:36:00,14.12
2025-09-02 11:37:00,14.1
2025-09-02 11:38:00,14.12
2025-09-02 11:39:00,14.1
2025-09-02 11:40:00,14.14
2025-09-02 11:41:00,14.1
2025-09-02 11:42:00,14.08
2025-09-02 11:43:00,14.08
2025-09-02 11:44:00,14.1
2025-09-02 11:45:00,14.06
2025-09-02 11:46:00,14.1
2025-09-02 11:47:00,14.03
2025-09-02 11:48:00,14.02
2025-09-02 11:49:00,14.06
2025-09-02 11:50:00,14.07
2025-09-02 11:51:00,14.11
2025-09-02 11:52:00,14.03
2025-09-02 11:53:00,14.01
2025-09-02 11:54:00,13.99
2025-09-02 11:55:00,13.91
2025-09-02 11:56:00,13.9
2025-09-02 11:57:00,13.97
2025-09-02 11:58:00,13.95
2025-09-02 11:59:00,13.98
2025-09-02 12:00:00,14.01
2025-09-02 12:01:00,14.01
2025-09-02 12:02:00,14.0
2025-09-02 12:03:00,13.98
2025-09-02 12:04:00,14.0
2025-09-02 12:05:00,14.01
2025-09-02 12:06:00,13.99
2025-09-02 12:07:00,13.96
2025-09-02 12:08:00,13.94
2025-09-02 12:09:00,13.99
2025-09-02 12:10:00,13.95
2025-09-02 12:11:00,13.91
2025-09-02 12:12:00,13.89
2025-09-02 12:13:00,13.87
2025-09-02 12:14:00,13.88
2025-09-02 12:15:00,13.85
2025-09-02 12:16:00,13.88
2025-09-02 12:17:00,13.93
2025-09-02 12:18:00,13.93
2025-09-02 12:19:00,13.89
2025-09-02 12:20:00,13.9
2025-09-02 12:21:00,13.94
2025-09-02 12:22:00,13.94
2025-09-02 12:23:00,13.93
2025-09-02 12:24:00,13.89
2025-09-02 12:25:00,13.85
2025-09-02 12:26:00,13.82
2025-09-02 12:27:00,13.81
2025-09-02 12:28:00,13.86
2025-09-02 12:29:00,13.77
2025-09-02 12:30:00,13.77
2025-09-02 12:31:00,13.79
2025-09-02 12:32:00,13.8
2025-09-02 12:33:00,13.88
2025-09-02 12:34:00,13.88
2025-09-02 12:35:00,13.87
2025-09-02 12:36:00,13.82
2025-09-02 12:37:00,13.83
2025-09-02 12:38:00,13.77
2025-09-02 12:39:00,13.71
2025-09-02 12:40:00,13.7
2025-09-02 12:41:00,13.74
2025-09-02 12:42:00,13.74
2025-09-02 12:43:00,13.81
2025-09-02 12:44:00,13.78
2025-09-02 12:45:00,13.77
2025-09-02 12:46:00,13.74
2025-09-02 12:47:00,13.74
2025-09-02 12:48:00,13.77
2025-09-02 12:49:00,13.7
2025-09-02 12:50:00,13.75
2025-09-02 12:51:00,13.79
2025-09-02 12:52:00,13.78
2025-09-02 12:53:00,13.78
2025-09-02 12:54:00,13.79
2025-09-02 12:55:00,13.82
2025-09-02 12:56:00,13.86
2025-09-02 12:57:00,13.84
2025-09-02 12:58:00,13.85
2025-09-02 12:59:00,13.83
2025-09-02 13:00:00,13.85
2025-09-02 13:01:00,13.87
2025-09-02 13:02:00,13.94
2025-09-02 13:03:00,13.92
2025-09-02 13:04:00,13.92
2025-09-02 13:05:00,13.88
2025-09-02 13:06:00,13.86
2025-09-02 13:07:00,13.88
2025-09-02 13:08:00,13.88
2025-09-02 13:09:00,13.83
2025-09-02 13:10:00,13.88
2025-09-02 13:11:00,13.92
2025-09-02 13:12:00,13.89
2025-09-02 13:13:00,13.94
2025-09-02 13:14:00,13.98
2025-09-02 13:15:00,13.99
2025-09-02 13:16:00,14.04
2025-09-02 13:17:00,14.01
2025-09-02 13:18:00,14.05
2025-09-02 13:19:00,14.06
2025-09-02 13:20:00,14.07
2025-09-02 13:21:00,14.06
2025-09-02 13:22:00,14.08
2025-09-02 13:23:00,14.1
2025-09-02 13:24:00,14.11
2025-09-02 13:25:00,14.15
2025-09-02 13:26:00,14.18
2025-09-02 13:27:00,14.15
2025-09-02 13:28:00,14.22
2025-09-02 13:29:00,14.18
2025-09-02 13:30:00,14.19
2025-09-02 13:31:00,14.12
2025-09-02 13:32:00,14.2
2025-09-02 13:33:00,14.21
2025-09-02 13:34:00,14.23
2025-09-02 13:35:00,14.25
2025-09-02 13:36:00,14.27
2025-09-02 13:37:00,14.25
2025-09-02 13:38:00,14.26
2025-09-02 13:39:00,14.24
2025-09-02 13:40:00,14.27
2025-09-02 13:41:00,14.21
2025-09-02 13:42:00,14.25
2025-09-02 13:43:00,14.32
2025-09-02 13:44:00,14.3
2025-09-02 13:45:00,14.26
2025-09-02 13:46:00,14.21
2025-09-02 13:47:00,14.17
2025-09-02 13:48:00,14.16
2025-09-02 13:49:00,14.12
2025-09-02 13:50:00,14.14
2025-09-02 13:51:00,14.15
2025-09-02 13:52:00,14.19
2025-09-02 13:53:00,14.25
2025-09-02 13:54:00,14.26
2025-09-02 13:55:00,14.2
2025-09-02 13:56:00,14.27
2025-09-02 13:57:00,14.24
2025-09-02 13:58:00,14.27
2025-09-02 13:59:00,14.23
2025-09-02 14:00:00,14.22
2025-09-02 14:01:00,14.24
2025-09-02 14:02:00,14.27
2025-09-02 14:03:00,14.2
2025-09-02 14:04:00,14.17
2025-09-02 14:05:00,14.16
2025-09-02 14:06:00,14.15
2025-09-02 14:07:00,14.13
2025-09-02 14:08:00,14.14
2025-09-02 14:09:00,14.12
2025-09-02 14:10:00,14.06
2025-09-02 14:11:00,14.1
2025-09-02 14:12:00,14.12
2025-09-02 14:13:00,14.1
2025-09-02 14:14:00,14.04
2025-09-02 14:15:00,13.96
2025-09-02 14:16:00,13.98
2025-09-02 14:17:00,14.01
2025-09-02 14:18:00,14.0
2025-09-02 14:19:00,14.06
2025-09-02 14:20:00,14.0
2025-09-02 14:21:00,13.95
2025-09-02 14:22:00,13.96
2025-09-02 14:23:00,13.93
2025-09-02 14:24:00,14.07
2025-09-02 14:25:00,14.06
2025-09-02 14:26:00,14.05
2025-09-02 14:27:00,14.06
2025-09-02 14:28:00,14.02
2025-09-02 14:29:00,14.0
2025-09-02 14:30:00,14.0
2025-09-02 14:31:00,14.0
2025-09-02 14:32:00,13.97
2025-09-02 14:33:00,13.95
2025-09-02 14:34:00,13.94
2025-09-02 14:35:00,13.89
2025-09-02 14:36:00,13.83
2025-09-02 14:37:00,13.84
2025-09-02 14:38:00,13.84
2025-09-02 14:39:00,13.84
2025-09-02 14:40:00,13.84
2025-09-02 14:41:00,13.87
2025-09-02 14:42:00,13.87
2025-09-02 14:43:00,13.88
2025-09-02 14:44:00,13.98
2025-09-02 14:45:00,14.06
2025-09-02 14:46:00,14.07
2025-09-02 14:47:00,14.05
2025-09-02 14:48:00,14.04
2025-09-02 14:49:00,14.07
2025-09-02 14:50:00,14.06
2025-09-02 14:51:00,13.99
2025-09-02 14:52:00,14.01
2025-09-02 14:53:00,14.06
2025-09-02 14:54:00,14.05
2025-09-02 14:55:00,14.04
2025-09-02 14:56:00,14.11
2025-09-02 14:57:00,14.07
2025-09-02 14:58:00,14.04
2025-09-02 14:59:00,14.13
2025-09-02 15:00:00,14.06
2025-09-02 15:01:00,14.07
2025-09-02 15:02:00,14.11
2025-09-02 15:03:00,14.13
2025-09-02 15:04:00,14.08
2025-09-02 15:05:00,14.13
2025-09-02 15:06:00,14.15
2025-09-02 15:07:00,14.21
2025-09-02 15:08:00,14.16
2025-09-02 15:09:00,14.1
2025-09-02 15:10:00,13.97
2025-09-02 15:11:00,13.9
2025-09-02 15:12:00,13.93
2025-09-02 15:13:00,13.96
2025-09-02 15:14:00,14.0
2025-09-02 15:15:00,13.98
2025-09-02 15:16:00,13.97
2025-09-02 15:17:00,13.95
2025-09-02 15:18:00,13.94
2025-09-02 15:19:00,13.89
2025-09-02 15:20:00,13.9
2025-09-02 15:21:00,13.93
2025-09-02 15:22:00,13.99
2025-09-02 15:23:00,13.96
2025-09-02 15:24:00,13.96
2025-09-02 15:25:00,13.95
2025-09-02 15:26:00,13.95
2025-09-02 15:27:00,13.92
2025-09-02 15:28:00,13.93
2025-09-02 15:29:00,13.9
